0xe16835086bb8059b8bb25f3d56c415491e86cba2;10000000000000000
0x4a9589964cd00664068f298abcbd4db112df481c;10000000000000000
0xbddb01d0113401a07ffb18da356de256386a9000;10000000000000000
0x96f39f4dab689af8d301d81564c5505a31a23010;10000000000000000
0x2130fd01026867a6c8dde24ad5e64f2e2dfce196;10000000000000000
0x2a18c8586c4716686448ba29e649e5c940af0d7b;10000000000000000
0xfba4f88dfa6de3dafd7bafdb527d36eba840cc05;10000000000000000
0xebdb626c95a25f4e304336b1adcad0521a1bdca1;10000000000000000
0x1791018adced3e57323ee62d5874f7ef5d43ef28;10000000000000000
0x1b657032ac4b84d8807010fe875c16875d200498;10000000000000000
0x7a13bfc2f21809a0ec1c8f787dfa5136579eb6d1;10000000000000000
0x8bf8214c5824fa5cc90b548ff95cf3adf3fcb8bf;10000000000000000
0x8d622746da805a5c75d32b3413c28062636e3de9;10000000000000000
0x62be49d17065b3ecc0ab6763bb6a5cfa2a0d0e7a;10000000000000000
0x300588b284f30439bcb32e8ac85321410074e31b;10000000000000000
0xa6d6a1320fe6e26474b74623d4cdc02ba56073b1;10000000000000000
0xe9920c2bdd13dfead70e4b4721d34f710cbb8cdb;10000000000000000
0x7a2bbe4c66f8fabd8cc1edd2f985216dc70d0870;10000000000000000
0x299a299a22f8c7397d9db3702439069d951aea74;10000000000000000
0x2fa9c2f0e50800fb9a826b0a3cd0383df1ed9ff8;10000000000000000
0x63735167b3862a41524a833d11bb14d18e72ca79;10000000000000000
0x486a57e2ee35c71dd83e6236f5c82ceef36b65b1;10000000000000000
0xd9d3dd56936f90ea4c7677f554dfefd45ef6df0f;10000000000000000
0x3597fe5f85ef4c23c94b8a53dd94c8106b90bfdd;10000000000000000
0xa1acaddd259649d470b42c95738e5e89c8d8a233;10000000000000000
0x1a93c570251ec9ce34216af5eee618097026bd06;10000000000000000
0xaafc1a45bf2168bee119072f8ab50c749cd52fe3;10000000000000000
0x2d7229da33f0fc86b15cf0799b1cc52e86d668c0;10000000000000000
0x1019dab4630b882c75c5cd7e688cde6a08680d4c;10000000000000000
0x631f82fb2a62496d28780a821f47786b05e2278a;10000000000000000
0x3662595eb998811d513d0032bf1d50ea691444ec;10000000000000000
0xf1cd2ff3d38257abe3e9d47c572037b70b972555;10000000000000000
0xe1cd19d059ce0a47b285f85c29fccd59fbb69853;10000000000000000
0x0ba39f3f4f71ef1819a5e770e3ed0d929146d993;10000000000000000
0xa89c876be69223295a0925d7a62cb6868dec4ac8;10000000000000000
0x508b0907701dfad406bc80e7833fd60e267e26bb;10000000000000000
0x33bb361ff578fa67a726a39383d430b09f259fd5;10000000000000000
0x3c2714b19cc07feb1fde1e2674a19d045f02d255;10000000000000000
0x461e76a4fe9f27605d4097a646837c32f1ccc31c;10000000000000000
0x544c7d7f4f407b1b55d581ccd563c7ca8acfc686;10000000000000000
0x2e5684efbb794c111c25293f28a706d1b5f96834;10000000000000000
0xd0c9fecc2902a23370fc3b412aff82f4d64f0d55;10000000000000000
0xcd762369412e9b7a4ab181f5186927b4fe795c4e;10000000000000000
0xeff34f976fc8266601235da6b0a70158c8149fd4;10000000000000000
0xc66cbe868e302927c0d685ec1be76cee49228f20;10000000000000000
0xa7da9f3d1a7b8689206329168d7645d53995c0e3;10000000000000000
0xbefd50e65548e23be08270541b9feef94b7cb07b;10000000000000000
0x4fdb601aebf2c6ad947d97a00b7eeaf71cc5bf93;10000000000000000
0xbf39ddbac5cfedc4476b4088904131ce3cad1d14;10000000000000000
0x5f9aaacd65ab18dccab83703b3cbf0a983d91132;10000000000000000
0xd7a46d3cd997a0539bd320d2b940e25bac0a999e;10000000000000000
0x26f2b78d1a78cf4c2427f05d3b156c48d6bc4bcb;10000000000000000
0x9c5b2fa21954400df20ab40d3679d47a7af82a2f;10000000000000000
0xc13456a34305e9265e907f70f76b1ba6e2055c8b;10000000000000000
0xb5b98e2a841de3b5ac48d9a55869bf7f486173eb;10000000000000000
0xaccd7812404ecc831d4812fe6152e2b319ca8340;10000000000000000
0xb2cbe33dc64380e7afda17f6bbcd594cfa540ff7;10000000000000000
0x96f3e26aa12395e26dfe8aa53385cb5e80c493fb;10000000000000000
0x54a5a4a492048080000ef50f90c69810716b207d;10000000000000000
0xdbad122902e3bdc6620861b3d83db1407edfd5a2;10000000000000000
0x3811eb9e4e525765aaab95a8fb3c04061ece3321;10000000000000000
0xd43136c79d2e4c680e2f21bb81995842154aeaae;10000000000000000
0x3ecd0359496f9a49a1b11eb50bb603c262ff4218;10000000000000000
0x4e04a5320ca2e6278c5192136e6992659dcf4607;10000000000000000
0x6e5f7bd9b940287f6c9ae8a2ecfb93224a09cba5;10000000000000000
0xfb62666783d6d3925a7c888a85ab90e91b59d115;10000000000000000
0x1adcf07389b1f6605c44a7683c50a5243829a92c;10000000000000000
0x59f52c31a2f06e66bc6694f52ccdb0d87f96c991;10000000000000000
0x3bd77b00f02c8bcff586c565e2c5e6b6c5878ec3;10000000000000000
0xb44d3b0507e69f7fd3683fb4ec3bdbb7cca0ae25;10000000000000000
0xddab2bf66703b7b29b4d4ea99a7638d6ad709b8c;10000000000000000
0x4088e870e785320413288c605fd1bd6bd9d5bdae;10000000000000000
0xd75bfc830545169f37ecf490ffed99549f674201;10000000000000000
0x796c85135b28d778dabb786aa8a4f6b59554a0cd;10000000000000000
0x0d4be7cb2ef4734b281b546b5683eb2627cb6cbf;10000000000000000
0xa31dbf0435af02f3b68ec7f985c9388e8ab1e47b;10000000000000000
0xb03e25c2c3731a377b259b84debe451e2d1ff4c2;10000000000000000
0xe18979f2576856d4199c6abaf4ffdf5672d930bd;10000000000000000
0x28a416e90a763b2261dc80e02a21cb7f9770b053;10000000000000000
0x942ffc52cfd75b5ecf517cf4ff2238107d3122be;10000000000000000
0x736dde3e0f5c588ddc53ad7f0f65667c0cca2801;10000000000000000
0x5d2f29aa18aef827317c48bd2b4f05fa24880038;10000000000000000
0x41ca37052d6f6c5ff804cc037551f1533a6fdc52;10000000000000000
0xa26f824ae181cd3893d77d0acd2fb7afc225e07e;10000000000000000
0x851497cf9b1362858c095cdd577b506d24f57336;10000000000000000
0x1b9d39da4aab19dccfbc17a16f876effcc73eafd;10000000000000000
0xc78652eae0b73256f0598ddda47b6814b23a8d8f;10000000000000000
0xfffa285b4ca6ead9e537279e6b0d6d233d5e56bb;10000000000000000
0x0cd46345cd68e38f08280cfb24dc0a0dff8bbf6f;10000000000000000
0xa2f8e4744fd85e9089a337fed259f05dd864a91e;10000000000000000
0x69034dcbbc9199160d73039f0d757237694d5d31;10000000000000000
0xe7a6adc4dc19208b7443ac89668b12b3be898728;10000000000000000
0x8b3f14f0582fbf275be87d265c931b4dfd5f13b7;10000000000000000
0x514e9525fa9681b651d6b83a57577de7f9ad8a9a;10000000000000000
0x3298492ee2689911866ebb01a1774db060ad6a7c;10000000000000000
0xada3227eac864faa6c1f2e148b36467b740b936b;10000000000000000
0xe88f42474046183f2367066cd940e74ded8085fe;10000000000000000
0xd5f49f1631f523e2a08f9b15d50ae9f697c70367;10000000000000000
0x9cac807a66f0238bcc6e4f2abfeb3a8ee3f928a2;10000000000000000
0xb19f6698d63d51cfa0d6eb4490ca83fcd640f462;10000000000000000
0x61b73e44541f140e029fb3ccf0726d59f36cd1e0;10000000000000000
0x94aff6c2c005567aa0e2a27f77701bb1b6679b6b;10000000000000000
0xbeab9c3e11d54fe21e5767e874458f41a741cd21;10000000000000000
0x2ea0d5b3f17b5be53dbedd71fd37b300660bea7e;10000000000000000
0x3b17fdd632ec7e099805b7cf049614bf9213504a;10000000000000000
0x8175732f812af3aff7cf5f73dfcf947c9eef279c;10000000000000000
0x6bd0e7ab4ef8543460858fa69a22e6cc4bade8bb;10000000000000000
0x13b37d355cdf1eacefa26a56d6c754ddd0c9e699;10000000000000000
0x145a96b9669685c263f196caaba3ddd5339cbdf0;10000000000000000
0x4951f93ac8349d8a6688ff083111194d2bbe340f;10000000000000000
0x8fc87c199203332c1cc43430b9fad2b1868e44d0;10000000000000000
0x0d9f2fbb058c9b057ebb222869b84acb995992af;10000000000000000
0x2fdb22d05ed9c55616e802bc71c61810b7e28a60;10000000000000000
0x0be0f09adc19334286027ed281b612a49893cd9a;10000000000000000
0x1ea0d4d1f38700ff7102dee483d6ca3279be441a;10000000000000000
0xe73e76e3ddba532a3583888df330c82df1568e07;10000000000000000
0x15f7320adb990020956d29edb6ba17f3d468001e;10000000000000000
0x698fa6437475f3f86df33ea0cb612ad529954811;10000000000000000
0x3c5c4d43e5ee096482d7f1f1d0aaefe1439c39f1;10000000000000000
0x2410fc8bd069edf114a2638766450541e8a0715b;10000000000000000
0xa0063128c0169361dfd9b30296e206465a64681c;10000000000000000
0xd42b63493e0c7ab1879adbc134e8a07eaa999d3e;10000000000000000
0xbd2822cc13d4c95516970d5f116902f4444bf0ce;10000000000000000
0x1ab2fa94d7cf45a0c7a6cd01235c0d9310922aa3;10000000000000000
0xb704b174cb5503bbf1c63913f5fed2b7fd1c32f3;10000000000000000
0xefe2e55ae2ab665555a86387e7ab0e1ef58007bd;10000000000000000
0xd2aeb39449b5e25258cceb24f5dd67d8110172d2;10000000000000000
0xc0ffee008fbe30db8116bbcf1bf8a94c9c044647;10000000000000000
0xe211c773f8576e138e8ad985ccdf2e0b44942759;10000000000000000
0xee76f08da2df8fb53e0ae48ed072a5660194f81f;10000000000000000
0xfced998d6c0ec055a765499b2f229d4e1a800479;10000000000000000
0xfb16f7ab53ca5e674274e3824395b31ca5d325f6;10000000000000000
0x777cadf772e2cb5190afe0950116bf783ebb3632;10000000000000000
0x7763d4ce482c35b59aa0fc48ae2eabd00f60b82e;10000000000000000
0xf64a09b7da04897a161bf5b346912c48d89939f5;10000000000000000
0xacd8c60b697e75323e84ee50193138f17ab53c88;10000000000000000
0xdf43178bd20763344d491cc37d3ea49641930b01;10000000000000000
0x1b18d4d3491e6aaa6d883600572b0573a4e39995;10000000000000000
0xac2cff4eb116a4d492c3bcfc1c629c4f1a24909f;10000000000000000
0xd08fd3e6c865842bfe6533bba2d8680a7424d1a8;10000000000000000
0xdf193f0102ce5550b171b276914c12f6bd213a0b;10000000000000000
0x1035fee7621a4a902d75094abd2e378e64b4b6ce;10000000000000000
0x1ed2cb2edb3b830ac8058b16a6cdea29cb40dd03;10000000000000000
0x7e9a6b14e78bf18bd483d208af423b96ab5075a4;10000000000000000
0x8bbbc5bfa352e88e116cdf2b27c07f19a0274758;10000000000000000
0x8c256300ed850185a10a6fd0b0c69d2ef87fdf11;10000000000000000
0x8b16e9aedc6f5282b6a3db3200754c7926fbc1bb;10000000000000000
0x0d996171e7883a286ef720030935f72d0bac8219;10000000000000000
0x09d17ecb8d79826618dc3c5ea6ac5202d959ea0a;10000000000000000
0xca9061ae96f2728259e328aeda513270532fc43d;10000000000000000
0xc8a44e444e7dac7744bf2fa35256f7300e9c04fb;10000000000000000
0xd6f64c02c14ac390bf5f772de6cd590f9412bd1c;10000000000000000
0xa1e1d8b5bb6f5d20ca53893465ee7afacf48dd05;10000000000000000
0x335e7692294d48a14a0fe73d5bd3497b52b23376;10000000000000000
0x4925fc8c5a8764bbc44b08e40ab228af56ee926c;10000000000000000
0x5892fe47a8dde5a51ba2c75c3760689c393323d9;10000000000000000
0xf7b9ba7eb8e7542dd71825f695ce01f5f1d7b7df;10000000000000000
0xcaf5fabbd6cc02a12b6cdcc29938e73cf103e6df;10000000000000000
0x834bc57ee60abd149473d455991013c83889b049;10000000000000000
0x30ed5773e9c1023a266483d7860a2b19fa4c736c;10000000000000000
0x63ec605bce40aef46f102fa325239a08991a0659;10000000000000000
0xc2dc013edd48afdcd7b872d51d55ccd1a7717e28;10000000000000000
0x09622b15409c17f93a2ab5407c9e2d5a4cd26cb5;10000000000000000
0xdcc9501bf95ac934bb94b4d799d3afc6d08b0ff1;10000000000000000
0x3ccfcab6aad5f5af1e212a1755484c316d7e9040;10000000000000000
0xa261677d48433a8600b7bb466b1afede36f02cb7;10000000000000000
0xb326372ae2ce0ec922231c9503b304bdb3113085;10000000000000000
0x8f3ea6acaa7faff240a088fffeae3a404f4018b4;10000000000000000
0xaff33b887ae8a2ab0079d88efc7a36eb61632716;10000000000000000
0x4796b840b4889fc566b3d44c2d75165bf55950e9;10000000000000000
0xa810b82a61381d8c2e83019bc9013b89b5878ef7;10000000000000000
0x90299ec59b94398a3a31a795bc585f743d0e5cc9;10000000000000000
0x73ddb14abf93ec0fa0e9d55df0f14ed4a7228dbf;10000000000000000
0x504d72cd5422500acdb257192f3480388001ce0b;10000000000000000
0x792d7c4974bd7ad17258881d71ac1ed21767a2b6;10000000000000000
0x8f626958ec428d258f6481b563126640f8aef54e;10000000000000000
0x08ccff06b09d0c17235ab9b0de1dbfeeceef2b5a;10000000000000000
0xa90eca853a5acef06c287802e2632d9331fd3d2a;10000000000000000
0x539fb5f5546815ac1a3c1f74c854ddaeaf5e0715;10000000000000000
0x31ef1c17d2901b0f12da308b836393d112a87ce6;10000000000000000
0x74c52e38fb622329f596e573a4878bf616eab280;10000000000000000
0xf18da2faba96793f02264d1a047790002f32010f;10000000000000000
0x16906fe850dd6641abf46eaf887b4e8ce0ba9fa1;10000000000000000
0x717083565594b88ecf6e064411134c178230426d;10000000000000000
0xbcc264edc95752a14211a416c409c3bc07ea2d37;10000000000000000
0xc7ac35c412cb902f1c90d1498d04758f3d23d8a0;10000000000000000
0x2a9ac1cab57d80e5e3c4574330863d54ae311c68;10000000000000000
0x158634ed0d4dd02da960737d5d727170946dce00;10000000000000000
0x5f0ff52df8df2c5351c47b6711c33f36c5402909;10000000000000000
0xfd6a3687e8ad0ee50858d75413e187bdb5db4952;10000000000000000
0x48f15be32e417ef481fe4e6826dd90914408a1be;10000000000000000
0x65334d8dbd9155a452cd87f41e72eb9394da98c3;10000000000000000
0x578d2d8af95a65f682b3c51f77b61959354c5210;10000000000000000
0x231d6dc4a458859c1929f4d2e671857be19517a7;10000000000000000
0x64109b265e6df08b6042c536ef5fb5ff71ba58ad;10000000000000000
0x5d4540d7d66c03255395f498a519d410e85e3471;10000000000000000
0x61db19af4a5599ac512ea9f18d89c73bd3211f6c;10000000000000000
0xa0832322583f2fcc4e6336ca86a0ba7fb893a506;10000000000000000
0x94debc57081c4c58dd69f4dfce589b82fc3c2866;10000000000000000
0x6bb48ee6dc739db470e29e3dcf0c3b34e94277db;10000000000000000
0x482562904a8990c55d7d58ea318bde477931a168;10000000000000000
0xf68813fef24ae1ce7000f0f1771cd3042d5702be;10000000000000000
0xe715eeca1d8dadc75caf45aedbdb3952f73771a9;10000000000000000
0x44cd6c3550fa47db39fbf8c7d3708833516500ba;10000000000000000
0x8a7f7c5b556b1298a74c0e89df46eba117a2f6c1;10000000000000000
0xd4e4b54d5a87ea83e7b19fbc43fc421af2c2d7c1;10000000000000000
0x0a5abc4eef196994abb9cd34fa8fe9229ce53e4f;10000000000000000
0x7618912f9b98d18a7896042673f2c14a80e5af9e;10000000000000000
0x4587bdb1b0593dd8ea94168818bf7762b85d73da;10000000000000000
0x8f0a36878198d9b0b127f0bac24b114405c9fa2b;10000000000000000
0xe8e8ae982be4928a533832d438779aa2a0d1bb0c;10000000000000000
0x9447600258b8cf953002e87a1daaa85949af06fd;10000000000000000
0x4b83ff3529dda8230856049f54583105ae0d91d4;10000000000000000
0xb3956cf916d72b56b36577c13f2acba868d26c5d;10000000000000000
0xc7e96a7dd942b69c0d75b1a6a9e9422693726dfa;10000000000000000
0x4cd761f852ce5f12ad11cc5fbcb4be16157d124e;10000000000000000
0x16ec5ee1cc431ca95de00b6c88d21d0b4d3fc2a6;10000000000000000
0xd91cee8353074a35895c9cb78833c90abd3e8665;10000000000000000
0xb00b18b3bf6ecc43e6235ee69424d4a220437a4d;10000000000000000
0xc8ff753e4d5d4b3017f140ffad97a4a6c36132a7;10000000000000000
0xa1fc03ddf536951915982934af3356e3ffb811e5;10000000000000000
0xb06199db17c4d49ad2e296637143e3922e9ffdb1;10000000000000000
0x7ce6ee3207074a565bf4e89f26392405c2f21418;10000000000000000
0xc247c61c9c094437b5b720bb7e85e2a72d8a1798;10000000000000000
0x92b406851390541f445b7c697014133d4b5bfce3;10000000000000000
0x65018d3cfc95981bf2c104a7c0a786009ba45e13;10000000000000000
0x406cd9b0b56f3d9c9c70ca542f0968ddfbf93c4b;10000000000000000
0xbeebc0c769a24f94681d05751fcda51fb780931f;10000000000000000
0xa58435115f9637f45aec4784e20301588d92f953;10000000000000000
0x980904f79fc301badce21a8d270b0c5539bc1458;10000000000000000
0xa65b44e85db0c0a280d203a88af460c308c86842;10000000000000000
0xa1dc437005516418cbeb2aaa015573345f637317;10000000000000000
0x669121522aef644a79342007133d033c04cb39be;10000000000000000
0x6480999cc2417c50fa8d97e3e36ee97d78fffb46;10000000000000000
0xbd3603df246658369c707c30e041a89feb6ee153;10000000000000000
0x9752da59cdca88ed13637aee5f4445b73501f075;10000000000000000
0xb40917b8f4ac09f31834ba684e6cce4969d6be7c;10000000000000000
0xe699e8334d901986d9ff6bc5ae4b44ae5122f1ee;10000000000000000
0x1bca5967531e8bc3077d067fa004f9607365b579;10000000000000000
0x83ac17696774768c26e48a98d115b5eccbf81a86;10000000000000000
0x34d4ecd77d6378ebdda1c62a38881e4587109181;10000000000000000
0xcc987f85c2150670a391e9bf6ddccb4b875b9826;10000000000000000
0x83d371d26fe57a17849f87b14717fbad7c6b82a5;10000000000000000
0x5c04be15d14677d3eabf6b52cf5b39738afab3f2;10000000000000000
0x2ce0c7ebda7d0681589bc12cb650232f7b88b19b;10000000000000000
0x53e06464929240c4740f480d540c6a039c1118ed;10000000000000000
0xad3e9cec16eb74b3e4d00685b7c348aa35f49009;10000000000000000
0x7d2855c1472266601af0f8206b0e12a87d934760;10000000000000000
0xcac73259b0a348b967950c95d379f90646b67103;10000000000000000
0xa6369ab0cff35d8c3b19f3be3f5fbf9f4ba5b2a2;10000000000000000
0x92353d9186a1d02be280f55c8a563762a9edc100;10000000000000000
0x23f3213e8873a3e34d90855006b79e05cdc8835c;10000000000000000
0xe8b92dfb4ddd172c5f6d1f20a6cfcf95a5922f49;10000000000000000
0x136f4b5b6a306091b280e3f251fa0e21b1280cd5;10000000000000000
0xfea0904acc8df0f3288b6583f60b86c36ea52acd;10000000000000000
0xa99e5d5aec0f681f3a2b1dd75e817a31f9b24a0a;10000000000000000
0x9428e55418755b2f902d3b1f898a871ab5634182;10000000000000000
0x4b502a08bc54c05772b2c63469e366c2e78459ed;10000000000000000
0x6a5dbf2fb5206ec8192620810c3edb6d5e62b188;10000000000000000
0x5b214c89c90b76fa946cac39ada5a0d374af3967;10000000000000000
0xfad1cb78101cf717cf97663e681eb87291dfcbe2;10000000000000000
0x8e0e95504db4f909324b30ce2b1001120d9153db;10000000000000000
0x7adaa3c9d9394ec49a8a4a1a06dd5873dba4213c;10000000000000000
0x57e648f095dc7d8b26e97dfd1d03be8d7fbfbf71;10000000000000000
0xd04fa81aa64f48fb02f51d46d7c05c1e900cb096;10000000000000000
0xbb63203fa253b667f1d8d591954f5a14ba5613e2;10000000000000000
0x5795c87f8f655d2567d107d8adc1c97ebcfa5a46;10000000000000000
0x0a30681713b87064b2252a1c9a0ba7853dadebf1;10000000000000000
0x7a0e841abc23fc519190f756eab2a7e5f1245679;10000000000000000
0xfeedfe9c2acb949ef80b0fa714e282d66bd2f955;10000000000000000
0x5059791d2ff34cb0dad784cb84d5cac1198540f9;10000000000000000
0xfbc5b50f09dca1ed771dae0b87699734f3f9aa6b;10000000000000000
0x8a838cd86ff9ae0df83b05da9747974da6d0cb0e;10000000000000000
0xd5157866f7bb8f490e13aba960f689178635ead2;10000000000000000
0x882e11f884e9d221706db9a36ba4856292b26d87;10000000000000000
0x5c341b427d1c316bd4922e3d19b241852531a75a;10000000000000000
0x1daa467f99e2c8a18aef2bb9574cb8a32789d557;10000000000000000
0x5ad1ac3ebd8cf36bfe97750aeb17940316da8325;10000000000000000
0xe2075729ecd98677c0fc2f600a246e50d563ecf5;10000000000000000
0x371d5ca9cc0a3fd3ddccd027e176464f82f80f1e;10000000000000000
0x2f5947a91da9dfcf6cc2e5a2a60ae087a540c3d2;10000000000000000
0x6343249af8ecfd6b3fd903b338504166a22005f9;10000000000000000
0x5bcd8021d025c99392e28c70464b694454d8b5a4;10000000000000000
0x1d900608c195f76f746e793cea49394913400168;10000000000000000
0x804ab9423083a80ba5e8bdad1cbf2c9f2c6adb80;10000000000000000
0xe4db239bdbfc3fe1bf89d0d570f53f1dde24ebee;10000000000000000
0xe5dbd125da82787b8413912b2676dcdc66df7d7b;10000000000000000
0x3b426507f6e62aae05591f6ac4edcaf030958099;10000000000000000
0xc36e54d8313d76168c823bf44cb72e46020dbf73;10000000000000000
0xbbb7b32a5e384829fa67e200041d64e4dd8a6105;10000000000000000
0x1f59d735d6304322015427cc78c3d7cd000c465b;10000000000000000
0x8a06b6cb78d1d4ba4daf5c1fdefe6f4e11282216;10000000000000000
0x9974abc4dc8d3ab796c6c33d72cffbca6534d25d;10000000000000000
0xbf5310fae4d7a0c6df0452bcda09aefa2748ad59;10000000000000000
0x1477bbce213f0b37b05e3ba0238f45d658d9f8b1;10000000000000000
0xd1d62b01017b4687ad63d87ad199c97740c28e2f;10000000000000000
0xcb1986fca34354008fa21d90cdea890464b2a8e0;10000000000000000
0x5e6d36d210cf6ae216faa45c18a6815e20f31220;10000000000000000
0xefabe4224497636edf82a5f1538c1bf64db498e3;10000000000000000
0x260d06cb85613e760959992c453fe916eab5a20b;10000000000000000
0x0eed845ed1f1cac7a4ad6b961dc1874ffc5d5103;10000000000000000
0xb3f27a53f6e7438bfb9a9845e3542d83f2d07e06;10000000000000000
0xb8b7fbd673700f46215d2bf60baf20621b4412f4;10000000000000000
0x50df7d6ef23c1e77dbcf49031a7f37e77e8fe0ba;10000000000000000
0x8264c772927ce782b656764f82922338b0790b54;10000000000000000
0xf4c293fac665321d4be77907b83f73961cd46ea7;10000000000000000
0x3d9721b4abab1dd89462fc8eb2efc638f6bc9aa4;10000000000000000
0x906e90df32f9b6b06f2d9939633b085346eea10b;10000000000000000
0xccfb28d84a1fdd9b38ed85ff9264dd84872dff67;10000000000000000
0xeb2b710bf1f6d4deb43d15460363607b9daa7005;10000000000000000
0x822eae753f03be87b41382e1b429e22a99a43330;10000000000000000
0x0aff6665bb45bf349489b20e225a6c5d78e2280f;10000000000000000
0x895e520b697fea71f112caa8a6abb30e85a22566;10000000000000000
0x3942e282f07861104b79251473b6e76f82715209;10000000000000000
0xcfb36ef12e42c19ce238c4fb1073b27f40b61294;10000000000000000
0x3d8ef995a36965f17b4461848a8fbe92789a18db;10000000000000000
0x85194ffba51d0a3d9b7abcae802868f1e03f021c;10000000000000000
0x0cbe265011306fd86438c7d23d0dfb1721c20763;10000000000000000
0x1e2fce2e2a821c254fc4e53b373586af07ed0008;10000000000000000
0x823db4b0ff785146e6b6817e0deb8b81b8bd1e38;10000000000000000
0x7b99dec9ea90f1a33fd761b78caa605a9be422c7;10000000000000000
0xf428d602912cd42b284f35ec7ebc82e34bad37bd;10000000000000000
0x8692636d5bd1e3c9bfa7e78c9271efd40ff4168d;10000000000000000
0x8e254c710f0874c99c04b9a9441302971235d692;10000000000000000
0x9e7f8b98f27f4eb869e2f2d6a9db945858445768;10000000000000000
0xb811ba1eb75bdcf425e7d9c4571878a52288b245;10000000000000000
0xeb5f30a15f8b24021450b8db1a62dbb4676113f5;10000000000000000
0xb5e1f96aeadd29bb2d363ecc7a0b8bfb6e9f4ebd;10000000000000000
0xb284929c0c79c24adfc607de921f49187bc2b0be;10000000000000000
0xd70a1fc21df9527d18630ca6ae11e422f6d6cec5;10000000000000000
0x89039e9fe8905ff0a0e83cd36a21f49a6feabfdd;10000000000000000
0x6b06319f4b566d476d5f5528294c0e9cbe70839f;10000000000000000
0xb932cc684f661ae83ab532b3eee1a14582c152a1;10000000000000000
0x5a97d68e8c517ca261d8a666ccb387bd75fbeefb;10000000000000000
0x8e2c205ef5335d3f8b05ba81ebf9b1148d89dab6;10000000000000000
0x09dc4c1d59c475eeebf56ebc06fd1a266002b3be;10000000000000000
0x53499bcda5f8a2e4f07cadf96ec509da98e8440d;10000000000000000
0x851ca7c9e795c117567e1d321af47fbb2a3a4b00;10000000000000000
0x63e760ea52650776e73e7c53dc78fcf972c10c8e;10000000000000000
0xe7a69ee9c75914426d4456985f487b90c0f415cb;10000000000000000
0xaed5f389f0988533a6498aafcf178bd38dee7747;10000000000000000
0x1b2a06643b7261ba33771b5193a451a2621e24bd;10000000000000000
0xc469aa741b39c7549778e196daabad1367baab08;10000000000000000
0x62272548e319279c601714602e48c07335f6ba06;10000000000000000
0x355c1cf73c2c1d0193b0dac92863d5f254a3e83d;10000000000000000
0xa5efabafb22f3824613e1fd415a5533efbea2058;10000000000000000
0xb5b077cb356f8a7050ac1939b356e4f9e9e3517c;10000000000000000
0xc19169b42660e3e96f889e08e761d8c217beced0;10000000000000000
0x427142e1a08d2713806c59c9b4ae9c8611f9add5;10000000000000000
0xf1be320ddeddb0024c3cb9ef7808a68a62536402;10000000000000000
0x9b27ac014671d006000b4546a3fb4796e2073241;10000000000000000
0x3eadb55cb2b7c30c6f966a33139b338a3affbdb0;10000000000000000
0x16c731c75a743a1b487b7914ef44b2f415707a5f;10000000000000000
0x8be02a91d8d3b276f8eb5e952893704c19df8aa5;10000000000000000
0xb854e584370b3aeb017289e05af9256acfb9c153;10000000000000000
0xd6387836d94aa6efbb101b72dad7d46c90147e9b;10000000000000000
0xdfebc4efb2cf2c184ad4f8ee62e4046acff9fb39;10000000000000000
0xa5db44e5002d9558a04337f50f9212d5ce715a8a;10000000000000000
0x5b57b83c142e3ada7e7affb9dfc4904838ea43a7;10000000000000000
0x2ed6c6c921eb1931a44a95f11404ddc2d24b0f27;10000000000000000
0xba9b212092eeb06bbabe0b3aaae0efdac6e298d1;10000000000000000
0x9e7c2595771111a4e63c089b8c49f3b2ffffb452;10000000000000000
0xf4c09426ab778841125ba49fc35c13368c34443b;10000000000000000
0xa2757075f9ca4b0ff970c5f46f7f6f7c65a314ed;10000000000000000
0x0a602f69e4f2e05f3c6a4d0164182d6ad0262aa0;10000000000000000
0xf1e2519592e2d7c8f33358a895645c234d5da022;10000000000000000
0x11e52c75998fe2e7928b191bfc5b25937ca16741;10000000000000000
0xadaa606cefe3dca15bca91001554a63068cf9411;10000000000000000
0xfdb3737b7aad8b6ad51060ac4b7590961502c593;10000000000000000
0x87771738754896556eb349f024e497ff73431905;10000000000000000
0x613d7e7b4fb5b2ae7c1e0d7a252545a07d072128;10000000000000000
0xbf8641831d15c2701ba122981c3d7a6a2533ea48;10000000000000000
0xdd15c20786006de6b2f74cec62f98b51ef3a5f8f;10000000000000000
0x6ec77eabf7d9604a5668c150d6fdf10e63ea87d7;10000000000000000
0x0ecddcf41754360ab129d7ca4c8abf220f9c32bd;10000000000000000
0x26d469193a79533638c4a8c48187217af37502e3;10000000000000000
0xc6a05139970ffc0179933a8803c824e87bb1d9de;10000000000000000
0x51e554e81469c4519fa5013eef03a3623dbdba47;10000000000000000
0xb69999e39e712e85f7baaebee9ec9f67c82f40f6;10000000000000000
0xc44505d1111ec42279aede122a77cba17359438d;10000000000000000
0xc25d35024dd497d3825115828994bb08d12a3aa7;10000000000000000
0x3e366fdcab411b5fbf8ba1c61050099e8a8ecc78;10000000000000000
0x691ce6a2163de1689544e088503144e15b9cd6e3;10000000000000000
0x212c5ae33f8668b700c62ee90b146f043a1eaee8;10000000000000000
0x8b6545e4fd7d5cc858be7ad449f88ef1b2f7a577;10000000000000000
0x6d848c6896507c157c90d2b937b9f318914cfd5d;10000000000000000
0xfd6b8ff45ddacf60d1dc161fa6a39626d6b2ea8f;10000000000000000
0x16c92f04384a1b2852850d849451922c0dd442f3;10000000000000000
0xa6ed26749cb54591291b4550a82f15ff64ae98d9;10000000000000000
0xa13c2def62c36697407fbe7d574e946bf60d7350;10000000000000000
0x7e47ba3dc7b2ce29298c7364ae5f6568c2f76724;10000000000000000
0xbce03405638247f5ca3ea767b2367b1af307ea81;10000000000000000
0x2c5d107680b8e482a54a692af537ff409e40f46d;10000000000000000
0xdebe9c5f15dcc3c268755651c998693ce9e05147;10000000000000000
0x3134eab304e3882cc237b519522c55aaa992bc83;10000000000000000
0xd5dffb4a88d4d3379e1294a3c1735ed6613027f7;10000000000000000
0xf5fe364d18f4a5a53badce9a046ba74cfc97f6fb;10000000000000000
0x445ba6f9f553872fa9cdc14f5c0639365b39c140;10000000000000000
0x2239ff85f256b0ad09502e6b757ad4c0a747a899;10000000000000000
0x88899b60b93ff5243a4c5e25094e352bbb4a4456;10000000000000000
0x2e25362700cf06eaaf4845c34789f67ea1b78d56;10000000000000000
0x53baf986fd2fea639a42003838b2f0c5b11309ba;10000000000000000
0xc254145d40245a69c3bc4a0a2091e8805e0eec34;10000000000000000
0x0aaf72da643570da1bf76e8b3063c3f378b3d3d4;10000000000000000
0x904bb2b1606583de42a380636dab40424b53710f;10000000000000000
0xa83c572c8072f3b11562f08b89d4f3077682acdb;10000000000000000
0xd4444fa606568866272bad77f8a6781b5da59223;10000000000000000
0x261377cfb52e6fd3048b0ab991d991ee43ef2d4a;10000000000000000
0x93f5af632ce523286e033f0510e9b3c9710f4489;10000000000000000
0xdb611d682cb1ad72fcbacd944a8a6e2606a6d158;10000000000000000
0x8ce0ffa9a232ebb8f1ece9ae44662d75cc25b84d;10000000000000000
0x5d47e5d242a8f66a6286b0a2353868875f5d6068;10000000000000000
0x947461bfa67ee662e1063264e605bdd1be27bbe1;10000000000000000
0xfafe7a735b6b27aea570f2aebb65d2c022970d65;10000000000000000
0x2ed849173c7a54f45f849675a71b62c0c83246d9;10000000000000000
0x82ee15e7c0c923e512eb0c554a50e08254ebd660;10000000000000000
0x7688b399c3237d098be4688d222d586ab5236451;10000000000000000
0x145c19c5aaf842fe81a5c8894c09462824eadaa7;10000000000000000
0x839395e20bbb182fa440d08f850e6c7a8f6f0780;10000000000000000
0x840b924613f78b4d5f243552ca0c9557288d7614;10000000000000000
0xd0103eda26ee0e8911b9f3c1a96e33980c7ee042;10000000000000000
0x910bf2d50fa5e014fd06666f456182d4ab7c8bd2;10000000000000000
0x5fcf6e9c7e97986a14a79a8c7a69b928a7812dcd;10000000000000000
0x6b02dd9b278b37e88d3ba1c56b4fb8c2f81b8016;10000000000000000
0xa088c809f08dcbb1b932fab5d93f28acc9e6702d;10000000000000000
0xeea45c31b0131c41b7c8dc5a4a93feae475a80ca;10000000000000000
0xce74a760b754f7717e7a62e389d4b153aa753e0e;10000000000000000
0x3dd4234daeefbabceaa6068c04c3f75f19aa2cda;10000000000000000
0x19b927168996f0179fb1b57e8d27778e532f958a;10000000000000000
0xc0682d80cb3c6bc921f3f4672f814b6b4d476a70;10000000000000000
0x80fb5880f38185661962e475ac1557817dc9faea;10000000000000000
0xd69f170d82de974cff7e81e6ab4bb09a90da71eb;10000000000000000
0x0957e08cdbbc0e99ad1b2874a88af2133b5a4d42;10000000000000000
0x389b8bd4fac72ff9aa5fd888a4b3283ac4c14b28;10000000000000000
0xe2155b15a8a422e4ce354be0bc1284b8385399be;10000000000000000
0x996131eed1fc6f83f8245602c8d171227311ceaf;10000000000000000
0x33a3f35daf0f25b15a2232f435d7e6feb6984eab;10000000000000000
0x1ce99932fd278e00911814dc4bd403e1293d8ed2;10000000000000000
0xfc43f5f9dd45258b3aff31bdbe6561d97e8b71de;10000000000000000
0x37fbd8156be076cf49451892671206e38a8cf6c1;10000000000000000
0x9fecf056375a973308bb3d6fb6b1c230cfd21456;10000000000000000
0xe611ded16e02dc75c139d15b4bc30dd4f29c32ea;10000000000000000
0x7c7cd5f32c0fe0f0d9c05a71a301285bd79c7dbb;10000000000000000
0x6977e753e022f65ebeb170d8267b2ea54a431523;10000000000000000
0x10b26700b0a2d3f5ef12fa250aba818ee3b43bf4;10000000000000000
0xd5cf5e25f23f466016f2b860d68177418c5a8648;10000000000000000
0xb14fa22a90479e6e942cf3aec88f971f256738fa;10000000000000000
0x5204b8a5708644414b7bb6e7e680702cf728f04c;10000000000000000
0x0aa350fb487f75d4f5d6ed920a5ae0923ded06e1;10000000000000000
0x5bee938736df6cb720d54db2dfb1e17786caa318;10000000000000000
0xc08192d450d44187e668c774f9a44c0f2953849c;10000000000000000
0xff3fc772434505abff38eecde3c689d4b0254528;10000000000000000
0x18657ec15013bc2a5549d5d69e5998a5f4884bb9;10000000000000000
0x3e18446f927e687bb99619096eb309d14bc1e531;10000000000000000
0xce95c48c4713a54bd2094bb3c507faa52ac63ea1;10000000000000000
0xdfd3e918858d48687c22c11d296d25e3aee4e2fd;10000000000000000
0xba2248156538b8f709f81dedb5ead690d55d6854;10000000000000000
0xacf98af36845ec9aeda29feed2907ea287388cf3;10000000000000000
0x1ba4c30521ebb6ed74a89fe87fe211a2e9390f97;10000000000000000
0xd8d058f2f679c8228f1258b453b4fdeb470b4477;10000000000000000
0x260ce905725a52c1846b1f523397aa931325a251;10000000000000000
0x8c2c8791926cdb52145dbdde0516dcd995c77a21;10000000000000000
0x71d7906726f418aded9e337128214e76d89e64fa;10000000000000000
0x60999773a86345ef2ce54954cc253e32e17f9df3;10000000000000000
0xaae5fae947ff8b64c73c2928756fa0419729d48b;10000000000000000
0xb17174c7206765e919163fe0296d96538d3ab8bd;10000000000000000
0x2df12a3d3e74d64a1a8263ecb87626e30d3fdc57;10000000000000000
0xeb3805b8623f9d2c9be45a7f22e3f41a0c2bf8d2;10000000000000000
0x171c1cf42c8e11589381f5e4846ffe4e2c7f6d95;10000000000000000
0xa639ba847ed56a8f7a461b83f10ea674decd7b73;10000000000000000
0x1e2d5eb2d42bbfaa5945ca845e20b0f56aa3beed;10000000000000000
0x312181ce7604303f3b76cda18c48ee21606da44c;10000000000000000
0x440db9410ef21b781dedf6365832bd11b5037595;10000000000000000
0x3b3908edd878ac42f1ed3e53cc3af02577d072c3;10000000000000000
0x4afda543a1f3d084b8d832055fcadbb9a4bcd416;10000000000000000
0x300f1a50471504881d2abc6517c2306f7306f58b;10000000000000000
0x0a3b67b88adf575654e071cf9c3e8065fc365967;10000000000000000
0xa57c1af56140a195f876310414c34fe9fe399d87;10000000000000000
0xb8014861db72ca8dff1fb95105d91739af959f85;10000000000000000
0x42f2d5c7fdab13a5d740fbebcc66d227fb993d81;10000000000000000
0x87b078a26e27b1185f66c9b0f524ecf4df25842e;10000000000000000
0xb31f25d052d77dd4be127ee44f7f52fe786be3e6;10000000000000000
0x2bbc8fc8df4b96bb0ab8090c15e0128176328465;10000000000000000
0x579ff2f526dbdf9fb4f14bb555c0e427fd9b5d8d;10000000000000000
0xe40a0b187ecfbc00314c892870e05ab5565e67e5;10000000000000000
0x6edbeb32b82906f28f7c1edcf2789302aa75f355;10000000000000000
0xb7f31d212f3354da32d8dbc7a41d5c5884660f7a;10000000000000000
0x82fa7405a0d83b96e6e364f9de90c8de2efcad81;10000000000000000
0xd59de44399839d572b2713e876dd204c76794ba6;10000000000000000
0x32477e70b660272f514978185cf14a0c6fc68019;10000000000000000
0xe7488f8e9dcc779af0a6a8b36b04043742bbe825;10000000000000000
0xcb57b71b80a8bc545562c556d0e8c3de35ec165a;10000000000000000
0xf90f56afa1dae825db57fc305b2f8f1ccf337531;10000000000000000
0x251b251e43dfb28d677ff2c8e08514a7c401bc23;10000000000000000
0xee112f066365f444e54838d87c087c489d924dc4;10000000000000000
0xc74c273e8df2e07f663b7d67231b060e67a60967;10000000000000000
0x0d6e94d085a597f316be1833649e05a45103e873;10000000000000000
0x2912ee7a74c5d8ec45869f569e1cf4a850b42daa;10000000000000000
0x732260317f4d555b3d67084429b73b8b20cc7b50;10000000000000000
0xafa454ad02ae3ad5cac4d04342756fb90e51462c;10000000000000000
0x15c68122daf868eb124044e5f2aaa41b040dabe7;10000000000000000
0x3655b5117252aa2c72047d8870c001d240c1f868;10000000000000000
0xcd9ab4f4d64cf35ba25435a7aa0a6d1648cd7fa1;10000000000000000
0x9c39e0731f467f4875d4938ca4a79502d137d7ad;10000000000000000
0x214fcbf2848d481d2a2236eca2438cfd05fba996;10000000000000000
0xa1d3f6bf7de7f968789e2c9f3cfddd49cb01a30c;10000000000000000
0x8deb5646abb78064ed0029babdf4c33613e24bda;10000000000000000
0x6d5de6cb1e6ae08986dab1407333e3c3f8e7cb94;10000000000000000
0x72490231867c22e74d76f7ff9e4359ee0908c44c;10000000000000000
0xa60385ba34e34e7899ceb3e61b367405501d958d;10000000000000000
0xb2a4584407bb58a02a4183d20a4fbc1db4c55b92;10000000000000000
0x465623b2ce74e0eb844c382d76a900c32566c46b;10000000000000000
0xd6a417409ce376f7d02719734d9812d8dd3e3973;10000000000000000
0x490362b1b8ed702df942c0512a82b87c9de54be2;10000000000000000
0xb18641cbccfc87ed45f806e51083dc795cacafc3;10000000000000000
0x198ac692a69953d7cfd6b484801b8400af16f8d4;10000000000000000
0x3307aee22ca33c6925e3e703c2429f5bd9c1c364;10000000000000000
0x7349c286f8329a84953c671f65edab6de4b97925;10000000000000000
0x60b551ea8d3b2dd53fd9e18b6243a7682608f49a;10000000000000000
0x475ca140be1d3181472df27928dbccd5f9bb5840;10000000000000000
0x9833eee8055c425375dadeb12109c4b3ba667d79;10000000000000000
0x0f04f2c50cb9058edbdae8634cb70259b50bf056;10000000000000000
0x277ce7ce319e8aa7db17d5784f5b24d36579bbf7;10000000000000000
0x2e4445069b0a578bbab287d97525640045000507;10000000000000000
0x23b720f07e14ea1354686aab2d416542f893003f;10000000000000000
0x16108b4d8f21c1450aa898d57833f9153a801435;10000000000000000
0xe869950afaa7a5de154a0cedd6c0c099130c9848;10000000000000000
0x5962cb00aba5c7eb814f99f0ffa21da121b3c553;10000000000000000
0x7a420ea1a6849dfa73b1d8874c3994af8ded60cc;10000000000000000
0xc9403c75f4543400cd611083c8b8e5f46653d01d;10000000000000000
0x8e0b9b962fc634bb00a3630ad6ce3170127fb06c;10000000000000000
0xac38f2328f2f150ca602d93546f46dad72d846b1;10000000000000000
0x188e70665ae83d305578467c8470dd2e5dfa3d51;10000000000000000
0x5d7053e777dbd2c91659a8fbeaa20597a6afd810;10000000000000000
0xceacc735c67217101abd0ffb46661c42dec366a8;10000000000000000
0xf17a0f334d43e343347335b0fd673795617e9f1d;10000000000000000
0x09cc473b67696f31a8536d43c7cf4b32ade588c8;10000000000000000
0xe71f2708641fb72fb9926ddc4434bab9c6427570;10000000000000000
0xf4212b5b0c221d999cccb07fcccca40d72569f3b;10000000000000000
0x1ae6912e08bb3e105a4f0a60f666376d3c7af380;10000000000000000
0x25fff4689be582515ac968cc85e9b6d56076a297;10000000000000000
0x997ccd52ac46e718c34a663af8102c649bc24a5a;10000000000000000
0xe32e455e65280129dde53ecc5be8c4fa283d998f;10000000000000000
0xb2b5898dbdf83f759313140e728e391c47acfa3e;10000000000000000
0xaadd502f2e887d22133863e7144c007f656a6cd0;10000000000000000
0x31c09f0616532f7a6f33d9ee4e1f45ea529481af;10000000000000000
0x804445017f8b947735b6e81d84e77dd7874976ee;10000000000000000
0x72a25a4cc122620e9f634496034fe44c4860deb3;10000000000000000
0x4cec6f12ab5bff4af3a9151d98cae6f0b8307f69;10000000000000000
0xe74bb0f4b7844aadd17f1da9d11afe8645c8fd29;10000000000000000
0x10a95d19bde73836947fea21858d58271f798ff6;10000000000000000
0x2d65e96a8aefe579d4839a77bb1d4811847358bc;10000000000000000
0x43f36dfd92d3981da2793121cb2d82ed0c2ed48b;10000000000000000
0x1b6feff7680b897cbe661d5f3ff4a820bf6a4f7a;10000000000000000
0x705cf72d8f4bf88cd225d8cc2e62df9fa6aaee52;10000000000000000
0x614c3ce52760343fccb7d908eda39f114620a1e7;10000000000000000
0xc3c8476ebe9f8cb776bcd18fac10eb203754a78a;10000000000000000
0x50b9ffa05a2354458ffd6d1840aa0ee849c9fd12;10000000000000000
0xe3d69bcab5daaea39787eeaf4c0369de366d71bd;10000000000000000
0xea4a014ae92ae704b269b8947494d1080a5b9dfa;10000000000000000
0x31c2e2daa40fabc0ac40e6a91a68adc45d44a357;10000000000000000
0x0d3c131d877185115306a76576c2377a73d923ca;10000000000000000
0x0b2479ca8764453acef996c2cc1ec9ea7e36d4a2;10000000000000000
0xbb3d65e51026e2b98ec597caf3d68dc0301288c7;10000000000000000
0x6dd6fe644d7a4b800178e9ab37c70b6bcb0f30e7;10000000000000000
0x9b73ed5eac8a8f551150c6be0cfd9ceca71c18a3;10000000000000000
0xf1f2fcfc1df50dec4530a861853bc07486e29318;10000000000000000
0x4c730a274ca641bb0b997cffc18f4d243c02b91a;10000000000000000
0x1ce1d70523bf3660d66eaff6aa3aa21d86671b77;10000000000000000
0x61d8c2e43a8aa590b019ba46368f81e10aeba1e5;10000000000000000
0xd39dc2a2915aa94d2f03e9aa6d654d2e52239016;10000000000000000
0xa68ab42025862bb10a8926a72441625035be2863;10000000000000000
0xec42033ccd302546a116cb9728d00934f912fd25;10000000000000000
0x6979ebff08c29b665a17faff16d40b18823c986d;10000000000000000
0xdf5beebf9b3b1817a4f3ea68809438b510120cf7;10000000000000000
0x4511773b4e4bd336caca31a5d8bfc4e70f23e862;10000000000000000
0x0a7a5da759ec1af38b01d137740f6a251b9b8652;10000000000000000
0xa7337bd8e6dd5134f3af68a97c1f73ca29523c89;10000000000000000
0x9deb607b7e92096df55b02aa563e82f612fd0def;10000000000000000
0xfb667f10eb5c5e318c0491f087773bc903344d86;10000000000000000
0xf1a77a3365555c3859b2c4f81ee4daab2f335b94;10000000000000000
0x1256af2a8a745f73685275cc6cce71e94b48273e;10000000000000000
0x14b5c6497385ac0f541c11743e3801803443447a;10000000000000000
0x70d628288d3b2244b9c2fe12b8c987162380c642;10000000000000000
0x500b86ae5d26a98c5acf602541d7ad1f1e369b26;10000000000000000
0x354b5cdad85dfecb7d9ac27f8db3c668a3ee6579;10000000000000000
0xa7423b2a6303c6a02e36efd29dcd84d68a3fd9b8;10000000000000000
0xe1c4d57744676cb360e4402796ab9d23bfec529b;10000000000000000
0xd455019fa37db6fac996d6430f57f6cffb9299dc;10000000000000000
0x492e8d9bc914c75df7de91a2ca5416fdfdf7596f;10000000000000000
0x9187cc924f70bab2bc331b7a4e1d0e05334bfe94;10000000000000000
0xb06068f25c6b6944593a91d36a8e4f88985dd846;10000000000000000
0x676d611e3b9ed61629cacbb474613fbbe91ad6b0;10000000000000000
0x6a71b72e6ab3437dc02f52dc39f2c0251d498345;10000000000000000
0x79e0fcac85f8f32d599ea3b68f8781cfafbd5058;10000000000000000
0xaa176f37ff63cbf0492a60999d5daf28e4e6464d;10000000000000000
0x53ea9043acb6b4d17c29076fb23dc537fcc6ce93;10000000000000000
0xdf32807188292785d34f2fe67d244bd757bd4ab2;10000000000000000
0xd5b8051ecd404e198c0a8221ff745241141a3126;10000000000000000
0x7787539f704dccefd164ac451304f472c6da6fc1;10000000000000000
0x493a2afd4d49a26fe1d9e2009af23308676a0657;10000000000000000
0xff140e5cc7977b31af3a3ba2972c8253bfd4ad38;10000000000000000
0x46906853575a340cb52893b114aff93f22be6bda;10000000000000000
0xb3a2941a541470895a0d53b24d2fd7e0f96abc53;10000000000000000
0x2ac6544b1e4ee4ccebecb61d7441f8a70f0500a1;10000000000000000
0x5bf4a5b5efaad1df2c3a996788c017085403edd3;10000000000000000
0x11edcd51f3fdbc0675294990f056542306cc774e;10000000000000000
0x1130327f259bacff80d629f04909603ef7bb9770;10000000000000000
0xda9cb21f6b662eb972ecc8fd358a1fdab0811977;10000000000000000
0x6f16003e03c4fcdaee13d648dd4d4901a94396c3;10000000000000000
0x4df21b25e252cb44a701c8519280cce73237d3f8;10000000000000000
0xb007f748f2223e205483d80a3b634bfd5268a504;10000000000000000
0x96a16140cd0c12ca00ebe54bc1151990351cddd0;10000000000000000
0x686f72f8b4b06f4bb4df968e8ad38389d229cb2b;10000000000000000
0xf7dcd7cdb4c883d9aa05495c6ccb03abd2dd1b7c;10000000000000000
0x5a608dd96d5cd351e19971d3f8e40de14bd9c89b;10000000000000000
0x671ca8dcb16eeb5d81e33d75be7e7423b3ef4e00;10000000000000000
0x9e4756ec809829884e5ac666ff2e0f83d4024ae1;10000000000000000
0x1a81e8060ef1cf761594c317ef47c526733d60f1;10000000000000000
0x9dd8e4522c9561847cf589fd3b85787e7c52a96a;10000000000000000
0xf780799585b2f16db57da55829c061b3fa0ab368;10000000000000000
0x71338f15943632ee9eb07d0bc72dffcdb1b62401;10000000000000000
0x587b2523cd96c134e248667ef0219b51e5f05166;10000000000000000
0x252102c08117fbad6cad22df14faa982a68226cf;10000000000000000
0x16cfa7ca52268cfc6d701b0d47f86bfc152694f3;10000000000000000
0x6ebb6de2bc2ebfab869eef9ea50b7b42dfe9d420;10000000000000000
0x0c48ebfa89d87ca96fc1d427997c794653354c36;10000000000000000
0x927b819ec13784333640bd70cf9f3b76b8abc55d;10000000000000000
0xc6ead34620572c0f1c5f27b92dfb9290d50a7986;10000000000000000
0x5ca1e81bd97c7503bc1fe0be1291ae0e68e8f819;10000000000000000
0xca6ee992a9db4be1f9993db7cbc36aef56134d10;10000000000000000
0x1423991f4b953ac81efb3736227acb76a8bcfb1f;10000000000000000
0x8b7ed6076df402a5b810babb240ff263fc14a245;10000000000000000
0xfa449503dc956c0f008903fe00cc30f50e07e745;10000000000000000
0xa1e4b56c25da667be5473ddbecd00c5d35af4df3;10000000000000000
0x5fb0058280611b57e7fd96dc4ba3616bd0d29806;10000000000000000
0xc579422989dc958646b7b153d05b3b4258437647;10000000000000000
0xf992656f1b8f756904f8ce2f82f0306ae2429cd1;10000000000000000
0x8002f1de88cb70c6a89177fe5c40621b4a62b80c;10000000000000000
0x912bbe47436edcb255334a4dd92ec2de875b2f1b;10000000000000000
0x56fdab2abf510c4777cd7a8d189ac6ad638e49fe;10000000000000000
0x9e7943ceac1f02b00e5f9d6e182f257efaa4653e;10000000000000000
0x0dd6a61d234388e8f351f6d57b4cd338a4a6f06c;10000000000000000
0x6a69238f3520432b68846859be666c8a78a5476a;10000000000000000
0x32449f0f8f1774f8d1661b8992a50a27f91fa15c;10000000000000000
0xc1204cde374ed565880cd66168a4362b9c7516c7;10000000000000000
0xca8117fa7078f3f329a6dada8e071a164709e44e;10000000000000000
0x55059722982a53b8fdc4eff46cb5c2f6ef0afb47;10000000000000000
0x7f892323bc373ed7e7c3ba4e95f9838690d7e0cc;10000000000000000
0x80619a4d7d747ac0868de1dbbe692f255a366066;10000000000000000
0xa71ac2c62a1b477186f5cbf45d94ffcd5d7e5711;10000000000000000
0xccb586177f8e2461a81cacdb8b793b2e265df169;10000000000000000
0x9c704df9eb81ef45f1da2699bd114febcb64c29a;10000000000000000
0x44c1e4088ee00dcc9a51310179cb30b8598ea911;10000000000000000
0xe7e0f85c3bd9dfe9842832b0d117eed8d0b70cc5;10000000000000000
0x92d3ccd5cf31df5fee5a2f269d36102d0a093549;10000000000000000
0x8a403c150aad1c54347536a8e53eae7849dd6538;10000000000000000
0xc91443c8bd519bce10a36478d0f04436d43a4751;10000000000000000
0x10a81a55783e0397d609e704b36a92ca355e22b1;10000000000000000
0x8b2b17fee545a4ff263be72ef2a87cda5541bebe;10000000000000000
0x9ad9788b59259946311180694427cba27399c01d;10000000000000000
0xf640b593405327f8bdac43be9a9af90900cc9d18;10000000000000000
0x75e4d0f7dd2c53d25b05ca4eabe44a6731c417c7;10000000000000000
0x8ade908d42969d63559ab7afa771246bfd500a21;10000000000000000
0xcda041410b32f55a1b2c524651ca97e18c8bec32;10000000000000000
0x734bed8ff54f43fc6e2f3c26adcb25a316fc87a4;10000000000000000
0xfd5687da05bfb44c2cb41fa5e69f8dc63d94b2b5;10000000000000000
0xcfd5a7cc9e4f690e7af15c8c144673473deeca3e;10000000000000000
0x24173e0d2e7f7962bb2173abc6c5ffa75ef4c133;10000000000000000
0x580ab5ffb98ea61189ec7b8c48cc4eb0eb551d17;10000000000000000
0x9a33b79d74dacd2488a472e2119b9cb29bd02ce4;10000000000000000
0xa96ed6c41ee2616b2a4e6af777308e1512d7423d;10000000000000000
0x801c9104010619e0bbc3ada9679d908f608758fb;10000000000000000
0xfa129f6905dfc523604f2846bdbec90e30c13a5f;10000000000000000
0xf9ebfe2b0c205c437214a714a28903859349cede;10000000000000000
0x54fb0f19a148054c4c0987e00285af96b21e259b;10000000000000000
0x25d3ec9b9dd905f7eb26fdca7b95e4862c7d70e2;10000000000000000
0x42ec7f12e6b84dfe531e52e937614c8c63d0075e;10000000000000000
0x420af53a36d2c664a5fbbe1ac7cbd83c19616d56;10000000000000000
0x2b933c1d299925d92f12d07c9a46a943272b51af;10000000000000000
0x3b12c66896ee7c34628b0c18b347aa4da5d5f74a;10000000000000000
0xfdf7600527307596154225d2d981b00af27e2f5d;10000000000000000
0xd3374308f4370c25bac807862d5dc83ccf9cd243;10000000000000000
0x7b04dd60af3878e43d8e549d4849858a1ee8316d;10000000000000000
0xe64ea228db1527c0a4fea11877ad832fff692386;10000000000000000
0xdd1a64a23114adca1306bc5a6f596aebf809b856;10000000000000000
0x8d549dfa7ea7aba384ec2b98f293e3d3c784bdf9;10000000000000000
0x4ca1bb0cc3e0388b50fcb6b2caa5cb6189afb893;10000000000000000
0xc8cb5c594e3a8a10c88a7054a0ed331620916596;10000000000000000
0xce00030f61ed3e5401194f6458fce41423cf62f8;10000000000000000
0xe3211d429314448b3410a24e66e9df52ccc52557;10000000000000000
0xd622e4cb95548704b82b2b0e600d154a5c308666;10000000000000000
0x92fba09746d61bbde47ac5e960b36f77532e0ccb;10000000000000000
0xab94ad159de7143e1a191770a9524a9d1011af90;10000000000000000
0x453dccc996adf27fa9fbbfe61318c116ad761177;10000000000000000
0x315e056293712f1ceb21f8faef1f1e94018ca77c;10000000000000000
0x9a5aae26ac0cd7425b87c6d803100b6a868b2a71;10000000000000000
0x46609553fb9940ecee893ca810060b3ee4d8216f;10000000000000000
0x5c1dcbab358a24acfcccf1c1ea978a5f8207a577;10000000000000000
0xdceb0bb3311342e3ce9e49f57affce9deac40ba1;10000000000000000
0x5da68351bd082abda73e42ac981db51d9364fe69;10000000000000000
0xbed60780f0671d41c534f9e425f5607b55b8a123;10000000000000000
0x3a93f6830f76b62ab9182b97f702e61d04bf7600;10000000000000000
0xe449f3b24f1cc9d84867168c148307a20482bc55;10000000000000000
0x6682534a1b4e1d76188156bb8ba55af337742eae;10000000000000000
0x7ae76f0e7909a3cfd03fed4830ebc0706fa85079;10000000000000000
0x258302d09995a71b185097738a46ec2095b9197f;10000000000000000
0x138e70345c5a6228c3e77712850ecde03eefe911;10000000000000000
0x28c19e16cca909f75eb52552db515a61cbff77e5;10000000000000000
0x120609da75cf68f9aacf4d7e8b627eb9186ba27b;10000000000000000
0xae8689174799400c71100db57e0caf51ccbefa46;10000000000000000
0x27057124d328dec9dee2d04f4e96956d51783e97;10000000000000000
0x1ec76b1901a385f0a0a309cffb7a1f2d149107e2;10000000000000000
0xdcc44cbdfa7e9b6a874d93fbcfafc199a5d7c063;10000000000000000
0x1002d9e169d5389574c381a2cf0f7e0d798e920f;10000000000000000
0x6bf7fda767e4f8337f8bb2cabc9a4894072b53aa;10000000000000000
0xf639fff07e0ef4e885b9cb298cc5e25d0d7a09b6;10000000000000000
0x44661b3b8ff64dcfd2564e469841991b81b1e97c;10000000000000000
0x9e01b67b83aa360076de9803fd68abd07f95b07f;10000000000000000
0xb4264e181207e2e701f72331e0998c38e04c8512;10000000000000000
0x8788ecef7ba041ae5b420cb528a0ffa89d6652ce;10000000000000000
0x2f4508e94657a54a704217b49fb4eb2753c26f64;10000000000000000
0x761064facce901601b25a4226ff5412618049295;10000000000000000
0x4f8efb4cc83a83e908029db0a4c782b651a3bb83;10000000000000000
0x75e787fa94fdaa2d8ce3c442248c82a5192bd191;10000000000000000
0x5a4d4a9b3c29387f252a0965f54c928307d263ee;10000000000000000
0xa397d72eb454fc730cfcb2b4ab5c138a8c9876a5;10000000000000000
0x9285325887d9cb2c5b2b9ed781191b35be613691;10000000000000000
0x3a5d2ec412ad7f056446d21efeab163f9b40158e;10000000000000000
0x26af1168362ec10756fbd87cf2eed5cf1de03f04;10000000000000000
0x5efc7906cfbb43e8219614d37e2f2e9937f3016b;10000000000000000
0x173e36c3b7ca85967fef703667cacd4b313f980e;10000000000000000
0x5f91fceda14ad95c9676cf65548b6f189bf3a1a9;10000000000000000
0xafcde02c4136c792ff12f23178a09537bcb2106c;10000000000000000
0x8a5e400a1ad21243b1404e01fe0c1b674a952478;10000000000000000
0x652f2f07d55066ec88001e58396483eadce4b417;10000000000000000
0x6c753f5d9185228131d20d4aeed0e903c750e82a;10000000000000000
0xcd90c627206d14416e0ad518fc80089cb206eaef;10000000000000000
0x09a26345a7ed7350133934f9b2dfe93a75e01173;10000000000000000
0xee11300966ae4bf9161d945d0506f10db3d03ea1;10000000000000000
0x0f48840d4a500b6c40f47a052f55ddee51ed131e;10000000000000000
0x6e57088cf525283a0bef7498f26f934769744587;10000000000000000
0xde9d2b01d008ac518f9391a32c0e3ef45d8521f4;10000000000000000
0xb74125df13cb9194d93d8b62e0db30352f2b8001;10000000000000000
0xf2da3f9aa8cb87cea08f60df9c6d5e323bbfbdd4;10000000000000000
0x2e06678014abe962451dc50eb8379e1c46793b4d;10000000000000000
0xed4855e0636265487d32257a790dc68378add575;10000000000000000
0x717a9221e3ab144a21c5338907ee76058e508f2b;10000000000000000
0x881a5577c38abf686e018918af0352428bac80cb;10000000000000000
0x341243b53412c1f64b4ea582a5ef51d685904b20;10000000000000000
0x63c36aea50bac118ea8faa3afcf5ea254aa39cd2;10000000000000000
0x7d232dfe28850529d3aa0bc5f21744dff8164dbb;10000000000000000
0x617250fc0d7ab1023228b82f7264030b4de08293;10000000000000000
0x9429dca15caaecf8cbe4008c413ddbd4e880a42d;10000000000000000
0x53bfc433037e9e6192e08ebc180e36d39267b785;10000000000000000
0x6fa98a4254c7e9ec681cceb3cb8d64a70dbea256;10000000000000000
0x83a4699a7526b979fca28633efb7f19d652f2773;10000000000000000
0x55710aa3bb05b611fcf16d02e28cc35beb89bae7;10000000000000000
0xa623c0c96891aee59f4089d256a28d6bf79a1d8c;10000000000000000
0xc0515b10d5eddc1f57c066cb474eee2fcbacb1c1;10000000000000000
0x2ccbe9156a55b643b53c54c6c302683281fc8b94;10000000000000000
0x8009641888a2a71a3f69b5dacdae3f0069008c13;10000000000000000
0x664e44c90a4de67ca65cf653d34893fdf8d9b7a8;10000000000000000
0xbf2f02e85fc63a1c861149d9d7586d00a6f5a816;10000000000000000
0x51d5aa7a076c006045985463d976510166b86d1c;10000000000000000
0x0ae52d97e27d7370a7edf8dd75cc9b6b2a980b94;10000000000000000
0xc4fed92c5aa879efa764c2a322f04f9c803c2655;10000000000000000
0xa1cc53317e16d8f0a54c510e1cd755e9051f926f;10000000000000000
0xfeedc4f156fd25c3fe9ff6402dbf3b99ebed3195;10000000000000000
0x636c32f60202470066dc05e84cdb486d5b95e67d;10000000000000000
0x6a707ed3d020e8ebc39dfd1cb9a332f5c4420caf;10000000000000000
0xb423ad7da8389a108737cbe1f279956e0ed22074;10000000000000000
0x4ee58a3585a42a8c947a1de7184d7bf05d273d6b;10000000000000000
0xd7fcd480526b78cbd044c80b782ee6441ec55b4f;10000000000000000
0xbb600640ec0b3d424324df821dafeee8cb7c2a8f;10000000000000000
0x6ee18efef05f622c5e23ce251be5ff844c9eed04;10000000000000000
0xe57338b4982a41aa2fc6aa03cf9d49af53d384cc;10000000000000000
0xfffdcd50fdb70a71f4150ae7e201167dc6ddd757;10000000000000000
0xf816f1bee92d605c427e8bba8fc353a9eb33c328;10000000000000000
0x77ef7575bb1b563fb3d0329466e0f2d140309b11;10000000000000000
0xdb965bbad97d0784afc22a5d82a24c5478faf7f4;10000000000000000
0x27a95d9d82678c86b1ac5cd619b5cb25023e8ddd;10000000000000000
0x39c46f352cfe9e1798791aa1addfa656ca97f3ca;10000000000000000
0x42b8057ec232aa0f3232b03147d59a0ad0cdb27a;10000000000000000
0x5067b766fe71ecaea97d9caecbb24ca8e1025cdf;10000000000000000
0x728bd56a965dc3b9ada745301c2f731599d2fe13;10000000000000000
0x6722846282868a9c084b423aee79eb8ff69fc497;10000000000000000
0x42cd905c3292c1b2dd471465197972a13f43be0c;10000000000000000
0x4e1549488de7443c3054984230f115f558f7d8d7;10000000000000000
0x8101ac3f0748918152778cbcc059384e89dad732;10000000000000000
0xf4210abcfa9c9732a4c5bdb041b578da254936d1;10000000000000000
0x967934ac9961c81677bf45c3ff994c3ba4b81cdc;10000000000000000
0x5565c0ed1de8cf798adfb2a0e81a03fbed95cd80;10000000000000000
0x2b83da50c013c6e5753c76e5b6aea4252ecea9f7;10000000000000000
0xff3b7d05ed4e7852837572a9c798094b7a52e97d;10000000000000000
0xab104eea31e033f2359a43cb32901dd6d18d105f;10000000000000000
0x3dc50fad428824acc69afa52d4df3aa3248cecc9;10000000000000000
0xb87a84562522b09c7768d5a46772f4070dfd706c;10000000000000000
0xf84750ae307d6692daf2c9819dc8b2016f2889a3;10000000000000000
0xf2d4118feb519c2d0622f6765c7842e71cbc0c97;10000000000000000
0xf7502126a75e71525694b43c99683692b187e806;10000000000000000
0x7d0352b97adb898e49b796941fcdaed29f4b235e;10000000000000000
0xb87bfbd6d84dc7615cca69a7474a0dd89b10a015;10000000000000000
0x1f5a01d4021ea8059a9bdd110721b7697d2e2410;10000000000000000
0xe234131ddcca0435b14ded3c6d7a294f2beec054;10000000000000000
0x0a9156c1b88494ac6f40045a62efc232ee747db5;10000000000000000
0x334bc680d521d64f48bd09b10bd24e598dc0da0d;10000000000000000
0x867a689e58518076603cc018832d81c1ceff2d08;10000000000000000
0xfb80faa097a783f34aa7228d62fd6ab92a8e50b4;10000000000000000
0x2467ebaf6860532384639836ca40706cd8f2cd17;10000000000000000
0x26733410bcc44946fcecfebd56ff9a43c6cd92f5;10000000000000000
0x119bf9938f3b64af351d347aec57aa0c2592de5a;10000000000000000
0x82a33bd50200a736a5ad187451de31d250055532;10000000000000000
0xdb400033cde3cb79e20315a065b5ba3b35666547;10000000000000000
0xbd7c825b94d3893636c1fec4277e7ea9b7199130;10000000000000000
0xcba4a403b2816ab2129f0c0a29340cd8b185c1bb;10000000000000000
0x6d9bc05f9c5cfe7fd30f3f92e2296b1c00d65b68;10000000000000000
0xed06079b23de039d01c01d7e295fc119d1d9d497;10000000000000000
0xbfb5e5852b3ef876086c555c21718b1a26773cad;10000000000000000
0xda0f0ccdff2180ece3e790cd705f94c94f53c57f;10000000000000000
0xae075a35cadd711fa1343e74683e27180fad23ab;10000000000000000
0x65c8a6b9c9642c26ae53b30d71b5c129ceafad5d;10000000000000000
0xe3edcf88a5cc44e0d2466eb6b61b644d18f9a868;10000000000000000
0xf26ee4b5689b9bb31a6cb5356029db553b401d30;10000000000000000
0xe99182a3cc189d025ce23f8c7d0807dc97c07561;10000000000000000
0x4d690ee087e76a49efc35b8314cd4307ca60673b;10000000000000000
0x67017bebe2a4b8645b28f83d5d472618b35a1230;10000000000000000
0x0f6d31e844b168c0a433e22f553893c3d4d4a587;10000000000000000
0xd9ded0500fbdbb7edfb69692b9316bc6f6d19ea5;10000000000000000
0xea392d5deee981ae21d829fbf83b90a908f8ced2;10000000000000000
0x380531c9299db12b29ee9520bec6088b9d203311;10000000000000000
0xad8771ab5c02c5e7bee612d67aad5f938120e1d5;10000000000000000
0x41c93a11f3b688d286e4ff5159d9667fc3238f76;10000000000000000
0x8c6a242941b91f312ea038146038bf3d8fbd62b6;10000000000000000
0x509b191a1c29294b9cd51524e34cd2fd66765aaa;10000000000000000
0x974d7b38e4e1a6de34c6971c30fc46c4b01349bc;10000000000000000
0x79ff87356787e9ef76ebc15e47cab074c2326a89;10000000000000000
0x3ec73fc792ca878f17d48e8e16a822284aab2f41;10000000000000000
0xe805b7459fe13f42e91e9282b8b4af010c9391c5;10000000000000000
0x7f3d1a9da43233f889b62e312c66cec367a80583;10000000000000000
0x0e79bf8a617e529c37ca0029ff003afb5c36a31e;10000000000000000
0xc1a3f68f5b3c92e6f3622b3fb9d0f0d91b5335a4;10000000000000000
0x4852d27a3f66fe8c4e91885b8446630a8d4dae52;10000000000000000
0xc8499d0311ca31a60e11d58a5a7e4f1c24b95575;10000000000000000
0x8b9662b2245a7c45d6580e2bea4bfcf2899bb68b;10000000000000000
0xf891eb612e8f5b31f4368ba490b93825044bc6cd;10000000000000000
0x6d0ad2394d71097fff94c7eabe659929eb02db90;10000000000000000
0x71541a65789e5760704df98ad2c6a4ca8a71c80e;10000000000000000
0x8ed778dede9b0dcc2158a956de952cb58514d78e;10000000000000000
0xfb575370852870d567ec24bea93d7c1096ca3067;10000000000000000
0xb44e639dca7d7a0f0bce135599edaa9f1fbbbd6a;10000000000000000
0xc4fce1f122117a1f4433c9ea4d2b1cb075c19a0b;10000000000000000
0x6b8f546926d84de6a9d25eafc153c5a4f04b3a05;10000000000000000
0xa89c688e956bf4bbba9de4e90a9f1be2f4fa1be3;10000000000000000
0x102a84cbf1575c7f202707c59fa6db279e609176;10000000000000000
0xbea6f4ffe28ec2dd47138678534bfa828015c9dc;10000000000000000
0x0f995d2c681d854661b35319f8df0d8048b1a44f;10000000000000000
0xfff8f66e26ac1a75f2b5da49c247f3ec0d0ea5ba;10000000000000000
0x2e8d6dc06e9b116b371263882e5d9ba96403db68;10000000000000000
0xd42dd5031bab86925e3d7230096029ececfaeeb3;10000000000000000
0xfa8022ccd64c0dc0f04b24003b62adbfc301908e;10000000000000000
0x3f0ecbadccc51374d491981e5bbb93106782cd92;10000000000000000
0x4b3e8d5db6f9f5feab4ceb68134698f2836ec3b0;10000000000000000
0x1e25f91381ff6b1bd0eec330607860e4fcbc3905;10000000000000000
0xe0b6865d3afeb897d37760b2cec945949a27f52d;10000000000000000
0xde44aea008e9c285fe4cbe0470a96425e80f8d62;10000000000000000
0x42238feb30ddb3991c57ae74af2f05f26cf41139;10000000000000000
0xaca4bd77e459b9898a0de9ad7c1cac34ff540d0b;10000000000000000
0x444cec33aa687472304b7a1046269be143a6313e;10000000000000000
0xb4865aa43a0f32ede7e2fcb5bcce1190da5de72e;10000000000000000
0x287bce289b4ef250d271461781d874aa9e8c0f49;10000000000000000
0x0f278c56b52b4c0e2a69b30a0b591d237c783907;10000000000000000
0x760df7b1114e163eaf78e9660acd948e64ab59d7;10000000000000000
0xe2616b431eb9bf550f12c197778c2830ee89a368;10000000000000000
0xa38ac926017ece610ad563b29f212165e0d69a56;10000000000000000
0xd2ceb419c19a4cf1eaf00e779ad0570d23e62458;10000000000000000
0xc3f2462fb0e2f27fd34664994a6472d6faed8d2f;10000000000000000
0xfa07de9b3c0ba819e25ab9ef168a14990517d830;10000000000000000
0xf64ba078e6732b6ba29b398b4f04759b43cc9911;10000000000000000
0xe76805a76b058c938d0aaece2b9fcb1a60839789;10000000000000000
0x7f8d4fd1121ec0566a116bbefc0175ab0d311623;10000000000000000
0xbc6c3ad1798bcc6ddca67ea3ca4d784ecb2c8e24;10000000000000000
0x5db81a1a3a93f71b618cae59a9d6cd62c09de850;10000000000000000
0xe1db827d1513dd7770f35b427253d44d9cd956e4;10000000000000000
0x321715b3c2d9bd66bc7948803cae08d3cda9f24b;10000000000000000
0x7b05ba9789808d15224ced7697f7c8bbe393bd5e;10000000000000000
0xb98ece8a010daa74720281bf147bb1ce7209fcbc;10000000000000000
0xfe97080bd0b321b77fdd36e91cfcc592eeec59a3;10000000000000000
0xb2fa807717b164d8f142ab4922110971810d6948;10000000000000000
0x8c3de1634251d1e51c28844391fc9c11abb9f5e4;10000000000000000
0xa55f6aa3e64c7a690ae058281c4c3458eb75982e;10000000000000000
0x54717d07e45ab76147e93a3640aa81d5e18153ea;10000000000000000
0x9ce216927524f14eb48fe81a9162224aab63c6c6;10000000000000000
0x1f0fb01db088a4d3d11ad900d734dea022de4aa2;10000000000000000
0xc44f17db2a9999550d0ef3bb008ef9b5cdfd57b9;10000000000000000
0xc5f8534ee1aaacd2f4f1bb7631e38160120b1401;10000000000000000
0xadb637a329d951d8c8c4e86fd8d4ca308c9d6892;10000000000000000
0xb25fd264b135c31150ac255c26d2b1caccb04ca9;10000000000000000
0xf6c29e3d6ab839a413ce3b54af59a6d4ee5ce5a5;10000000000000000
0x57761986388e9e4e0e9171da4d5e676302325d5b;10000000000000000
0xd78a1245c08edf739ff4cca5f7e58568086dfc4e;10000000000000000
0xc61345ffc12f7c0375f470c68d414bf81d325114;10000000000000000
0x0d944216235930c2d254bd9b87942e0eabf79473;10000000000000000
0xe3a1ebb9a3de6e32b1444c43fb3d651b758570ab;10000000000000000
0x125ad150043f25a8c0a09c8b82ac2a26eaac1400;10000000000000000
0x4844a8c7a94948ea5897397a6231317ac7b44b40;10000000000000000
0x68a611ed2791ffffa54b5d107eb8e567171b3251;10000000000000000
0xc9e8212b505f7463b3356855d452cb0fa6e2b481;10000000000000000
0xc0b16bcfdb122fa43899917245901b3ad344da9f;10000000000000000
0x67214f6d58409e1dc9fa51946e2b78e2b147b310;10000000000000000
0x176e2042a510d00aa69aa02e5f24d438cc6d8ab2;10000000000000000
0xbdc6d5ad5d278c4ee57dcee3a0cecd9530b900d5;10000000000000000
0xc86f79ff4406cbdf0b126421ec748f1fa9c50948;10000000000000000
0x9465150027c04821b4b559a9dde19e1e0d576218;10000000000000000
0xf14fe722e9b2352083301540180ed3190c7ee761;10000000000000000
0x22f4a79c74bf1b73c76b4378ec551109b093b938;10000000000000000
0x864db360581f8f1f833d56f97876919ea791db2f;10000000000000000
0x91cf6f1601ac171f277caae84b79293280ffb1e4;10000000000000000
0x4ccf49921eb778bd5c9a5dddfd4aeb6c97e6a9cf;10000000000000000
0x4abef426c92c57cb0c8028f6343e18fdd69aa967;10000000000000000
0x76b0c99aee3f05101d4955f822bd66153c20997b;10000000000000000
0x20e4445a5b04a2f759101f5d1159ddb096dfb62c;10000000000000000
0xcf45c000b7a71a92f99eaca4cdbdfcf24d6d052b;10000000000000000
0x16d5bf383fba275834f57a5ad6977f20776d8be6;10000000000000000
0xe65e76223eeaab8eb605f31638659bba8061af7e;10000000000000000
0xbfa0cb8c939a095ecbe96fcb176c9ca7ab0f94a9;10000000000000000
0x1f0788cd0a4b810a6e6e2c9ff3561d39a4a4b40d;10000000000000000
0x2a41282434f89f5bbf272b1091a7a0cefd22ccd8;10000000000000000
0xff1a9252def51ede4489c05998f5e7cf8ad2c1b3;10000000000000000
0xad42212484248ae2df11bb71fdd0982d6a16d496;10000000000000000
0x434e2d1b14d2717394d2cb20d69d5709341823f5;10000000000000000
0x1c7a4d1e6d7722ecd3534278b3eb6f800c4122b8;10000000000000000
0xb7aaf2c00c6bacc6b8e94a883b897dba4ed68ec2;10000000000000000
0x5413beccc3cc27ea5e7d07d5fd36a0983c9996a7;10000000000000000
0x294860369e247fbda3d5b16ee292e53c640752cd;10000000000000000
0xead2c00a83d01c60b81527b909e53ffd2697ec22;10000000000000000
0x1d67b326586a9b1bd46793921c785258eff48ac8;10000000000000000
0xecfe519ddb077dbbf3e34b6c77c9a9f697a4e2e9;10000000000000000
0xdbfd4bc6359fd978229eef7b41fbc2048cb9d038;10000000000000000
0xcf9cffab7e278ad5190339d991e04d3949b89452;10000000000000000
0x74331200c0dac6773b21f9e1d28b5fd32e202f46;10000000000000000
0x61066bea20d92e495bff801c66450ebf70773dc9;10000000000000000
0x11b08b74dda1602fc9fb6810806636e4348022a2;10000000000000000
0x2246073a483755839ad251b7e498a029ddc3d1f0;10000000000000000
0xdc73f6d34cb16e8ea9dde8fda41621ec38591ad7;10000000000000000
0x0cf43674e2ff8aa07d904847f55e3c2afdc3a9fa;10000000000000000
0xcfc5e5659174b613c874c5c5550045a2231dcd68;10000000000000000
0x2b6cbd463d1ff467cfb7aef674352ad2232e2045;10000000000000000
0xb36c87779ca868344d620dcc28fa44f8e6188e1d;10000000000000000
0x3ffc33929a454726e496ae497c805504461f336e;10000000000000000
0x9b7ad9cb6207707cc70838c459d3185ddb4f6d00;10000000000000000
0xebdea0159e397b46e0ec35d68ddba57897a2121b;10000000000000000
0xc0f49ca91107a1750f8dbb598f0b74fdc43f3331;10000000000000000
0x2f96923f02451ee515b98b34e6edcb77de3479e3;10000000000000000
0x215af6f853c7527f86d08ba123721e15ed3bf32f;10000000000000000
0xfe383e24af869f9aec6c875a090acb4a8da9108c;10000000000000000
0x8841e0f0f6876e0b94d8154b9c1fe1fe817b298d;10000000000000000
0x741bc936b183f8bcf807c0204bee62fa68ea561f;10000000000000000
0x2d44988f48d651ea649df93ea83fffe2e1f777d2;10000000000000000
0x4fbda5b521369aaac557cda9526b9cd0962b4b66;10000000000000000
0x99b0fc050b69b6638986328b5cad5f59e65aeed2;10000000000000000
0x18e464866a66d7a803dbfe89e463f9ca563ae21d;10000000000000000
0x652022b1f234aa39f5dd7a5ff1162574fd4a9646;10000000000000000
0x558ead59a9dc93343169a5532c1661148a8324df;10000000000000000
0xe2e1b04d79b846cf8f54b1eadb3065afe693300f;10000000000000000
0x14aa7cfdacec1aeb55175dc31adcfddfe467f567;10000000000000000
0xd7d5f3935041acd84fdbc0c587baed45b637b920;10000000000000000
0x7c910d8361b11a650831f3cdcd1d20edf14dfa06;10000000000000000
0x1b52a62c591e72ebab8bf741fefe19e2f325e1fe;10000000000000000
0xcfec2bc05f8409aece0bb0e0c860a33d790b0a79;10000000000000000
0x0c5eb9257a7c7c5a3611c4fe08b61848c2b2e6b4;10000000000000000
0x6648b5554632ed5d6ec27ec6737e98a0a3dbbc94;10000000000000000
0x09a621f380bf6fbe73286480dc48124368f039f1;10000000000000000
0xd30e8ce1dce1af452b6feb1f28aa05869d3c39b1;10000000000000000
0x93e961b3a375c1831db9c3ce604d4b54f731b4d4;10000000000000000
0x4d07edcc2bfef1fd77909810ed9b03dc3cfad55d;10000000000000000
0x10e6ef2693bd6721feeaf8d7d836b1a9ac070600;10000000000000000
0xbca920d946ccf181609d3bf39877385a16df8adc;10000000000000000
0x7c2a351db0c198d705e4feb93ddce13613eb65cf;10000000000000000
0xdb4f7db91482ce3f8393db0725ef94ba7237bbef;10000000000000000
0x2c76b89ca1f2e35794ff915cd47c4da2177fd009;10000000000000000
0xd9ee87d1a0f7f2b21c047b37b9024987a3a521cb;10000000000000000
0x31ffaff3402769ecbf0b01bb4a7d49724d0dd23b;10000000000000000
0xf5a8e355621e487c1e2f2d55f0070a084427661f;10000000000000000
0x7f0630a3f4a19660581c9cedd7d8d1f0ad3254c8;10000000000000000
0x13b41f81a71d7adb19a971b58501eff3048f3070;10000000000000000
0xa1ddd40c4fce771408a4fc0590209cbb3f006f55;10000000000000000
0x89a8464ef3eb629940f6e830e91b5bbf693d3d13;10000000000000000
0x3b6e1ea0345a987b5e6f6f94e98402179622a059;10000000000000000
0xd2886b4bda301a37dabb0c798c8c9f6ec01478bf;10000000000000000
0xe31defc4e639fc41d876253c6d5fce836cc65639;10000000000000000
0xf95a90ce1069422f4fd756dcec07ff4b38a8e557;10000000000000000
0x52fcae86e8c98ba192a8d996c3724a935eda5af3;10000000000000000
0xec1851e28209a209e98f2847cce354f36173395d;10000000000000000
0x990e793d2980b641140aacf26663f94a69b73142;10000000000000000
0xab9c793344d16504a5073368fd030e73cc621cb0;10000000000000000
0x41000ca0e56bbd1d5a038387914159adf4c332c6;10000000000000000
0xd38307a1f7472785851cb82f79d62ae8d7032288;10000000000000000
0xfbcb0db08b3256bfff950f97839db5cfdc89423a;10000000000000000
0x5bcd2bc57ba7b6b073c352fc75da9b01bf1b9fb6;10000000000000000