0x2dDC842CE54866d6FF58F5f82C6FB838e6A74cd3;1
0x04Ddb8ed83C1cbd593619F55579B11CE8B29e3A1;1
0x0Ed67dAaacf97acF041cc65f04A632a8811347fF;3
0xCA63CD425d0e78fFE05a84c330Bfee691242113d;3
0xd8E2C8e2c289610332ed9cB52991e0E105D6F657;1
0x4F5FfF35Ec6FCF5ddB70AA2079a78D19e94D57C3;1
0x0dbdEeDb0cF78022502d564c07Ab35829Fe3e454;1
0xEf0fb0844887F8D3D6C874a0A9e0063745493e47;3
0x95234cd9b9ACC8A2287520cdfe8dD61106099e94;3
0x8BF99D25C3cC0Bb8ebB13395e323A3Bf78BC2d48;3
0x9fb358896C9B2f872be9006E80bBAa810b8E142d;3
0x12e8987C762701d60f0FcfeE687Bb8E4c07555aa;3
0x60cC8E2642781C0575E81fD53bb7C6d2829FF423;1
0xB1246d97d402837baA0A1E383c9BbbDBc3809ba2;1
0xE88540354a9565300D2E7109d7737508F4155A4d;1
0xcC21A8D4357782d521186239e0e8787Bf261777e;1
0xafe2b4E24e2a62bc79F12A7F7436D5DD0c517455;15
0x6D95A4341fF6321af10983EDD40D6a333F636258;1
0x9Da3f811143ED2208085f460754b32788913a788;1
0x1c4b35A57a4733768AE230510f8430f8AEd3C1F5;1
0x081EEfCaA2772dF063C00D1F3295a3A8C1911E53;1
0x7750F67137535280Fe33F993C709098FF1F05755;1
0xe461f8b4ED94Ab4573248A84Aa382D5259023CcA;1
0x7259189527ca272214613393219a3b24Ca017081;1
0xae6d6e379f976385517670f78fbbebbdaa5245a6;20
0x6903ab3d7af6021a6a2663d298db41335ce177de;1
0x828d3fff01cf78c96495ab1bd2c1e1b1b2384a9a;1
0x5365b4472a6E5D8eA296E38f4117b5BFFA61a525;1
0x6e0b0e19c7a26024d3c34ccd9d02019c029df244;1
0x73c30bB094Be19bA325c59ee4A12Ff4437D41d34;1
0x50892b2d0297962d6f8632d053364f47ed78bc39;1
0xc7502c148b7cf1f9fE9e7a255a77F9C1fd7DCCaF;1
0xF06beD3f0DAd7932d8D00fe48C36751f5C10be23;1
0xaf469C4a0914938e6149CF621c54FB4b1EC0c202;1
0x1E815a8188F1b84564577C1c998f7E6B4706B752;1
0xf013E5F697E84C6831220A21a96556242Ee9AD86;1
0x7d5Fd442c65f7b99D21EEc302219878efdaa1e74;1
0x7d5Fd442c65f7b99D21EEc302219878efdaa1e74;3
0xdFd7467948F32765a22E96DBFbf594B85CCFe4C0;1
0x90A7D7a5abfa5096bCef8dE95dD44138704Ab3C8;1
0x9e4eE5137A738D218E85bb2FD0f29174f87aFDFE;1
0x9e4eE5137A738D218E85bb2FD0f29174f87aFDFE;1
0x845638e083BD42248043Eb3B8F1ECD8E85F16108;1
0x990FeF05762B841885fa583c39d86B77905C9aAe;1
0x676005B70F8e6646901e0839e0DDd89228342aB5;1
0x97BD99D1B8262C3d5a7f42d53E08b20726322A66;1
0x2604fb7B2c561D6a277a0EC8c2308A26CEe18272;1
0x23f3e1519da005412ddddd9020d215c823c5442f;1
0x5906F843eaE2eFE0983eb5f5318294866EdA5dd8;1
0xe72eb31b59f85b19499a0f3b3260011894fa0d65;1
0xA3638a111457B64a2fA051417C993869e20F8792;1
0x1749826a6695934CE6A8Be0fD62Ea0e176c9a9eF;1
0x3b5afab92c33879f54b060d4c561d67bfc63f264;1
0x119CFE0135ECa7D473db42e7aF3697DD04aE086D;1
0xd933396f68189ccd08b60b1c6207c7fb015ce543;1
0xD038003382d4D9A05Ab862A83d3D736e0d35A702;1
0xF00aeA879FEc57C08F2739E5ba89B455942C7d4e;1
0x95400B36Ea1A3AB3718183741b03f31b96E6E93b;1
0xF7B6070F4d03296Ca828ce775D6FB73A9c6dE1D1;1
0xA5D224B43EAB837aa2Ee9C6Ed727f1613f301A5E;1
0x7ff8b7dB93dcFbC7a92AC1A38bec17ed9bc8008f;1
0xCa9ba6A0974ba3a09c8feE76dfDd87bA1d6A2801;1
0xC11fe818695B1e97E3373aFe8E2624Cb6Ac634d8;1
0x081E7a89b50656111b50Dc35DC7242cF12bc96F4;1
0x8606dBe813eEb73CB9B2f36CF53Fa5d496c9084B;1
0x0B3A862DF43C1419aC62298B2C2deED588FB7B25;1
0x6022535728AEE06C234903c41eefa731aaf77C46;1
0xB031a6d502F158C829B28A9bc2E0eDE1d9352124;1
0x4a9C82744E9c7498B278f47b0Bdca0f2398D7631;1
0x65C34b6533D4A043cFBc02A341beD3D84B234936;1
0x02EE5c3978f2030bC5c9c0394CC5667458d267B1;1
0x586A26Ff76b02cA2d2a53ced6f14624aA9359D81;1
0x2a5f3ea07307102bcbf8ac4dc4f44945517a9aad;1
0xc988b857dc2D5B61f1DcbfC4F7789861A901C4c2;1
0x74ef72a818e4FD9ca08eCeADF8243C5356899bCE;1
0x23272fAa896AE51A242003CF24f80149Eb3A327A;1
0xd20E73C5fDc2d304fA5942Ffb1379Faa8d177Aeb;1
0x94B87156DC91AACfa3cef54850E0478364a79EF3;1
0x039d5735E5a119cF258Fa486ceb561bBF8f43726;1
0x1aF93Ed0F58Ef67E98412349Afe0C1D0aC4663B5;1
0x4c4fc5546eA4154c122D449d44446d34Dd380A54;1
0xF499788f6cA54Fb7f2eF6a81368c00aafccFBF05;1
0xEf4e71C27973E3d52FB1f4FAA801c7A52F03B1dd;1
0x2848c75f6F88Ba70aAfa6a73BD114705313Dc36a;1
0x55EecF18B5495E75EbF1D7d2f1351C1E1c72e978;1
0xcdF9349189D63752e8bEb32E6c4115068EB55F7B;1
0xc433424a573B31c16A2FDCABD30530bd400B0958;1
0x816Be5CC0015ee02214dF5915c4917294294c7E3;1
0x594cC70EEF9070A1567376c3170357e9715b61fF;1
0x5a50349EeC4E8961B781267aFDDc4634781C2f5a;1
0x6c278F62eC218105B16b41Fa5C0E9Df8256e0479;1
0x9950D19876FA7dbfC1D80e292Ba226cff1BA46C1;1
0xd2E2Ab49DB2939863EF18E7ff548d861f0d8AD3c;1
0x956443Dc830522F87c94ac89f5bC17D6Aa38887D;1
0xC1bea04B8eeAb626c97C73202eC5E4b2dAaD6248;1
0xa11d97F9d03ce4ed4c6101D4dfb755cdbC92151e;1
0xCcaEac457cFbcfCbeBb4a0879cC58cfBB250C01A;1
0xBa64e748cDA1Fa81350942277C2F1f6D230Fbc0D;1
0x9A147e1a29709f79B7881a79433492cd040DD261;1
0x0Ee0a100bcc097e4F565a1262f497DC3B1983B43;1
0x5c2a462b7E0E59075c1C4e84C16D1E608e25f4DC;1
0x5e8DddDeC5ac56B6e4dEc97FE77cC76C6c4D8CE8;1
0x13fc5d86789E580D64B584e7774D761B6a8733E6;1
0xeAbC3a4052aC82D623A24CC07EA52DF1213762C8;1
0x7D68502c2d341521f6489312A921c83991E94979;1
0x06C30A59fa99543C2FfADBC5e2Cef5D7B86FD39D;1
0x970c3d4c255c28C92519E92a8840b02137a4D801;1
0x899b4839066982E4B650aADB6eB0078f3061E9D4;1
0xD26C758023Bf142379e5B4d234ffb48Aaf3b292f;1
0xd226EECb868B83464C1C6E11eAacd60Bc0f01984;1
0x923Ade163F73Ee9F87140A0A95B2BaA4F2afB36f;1
0xc75236956105e161569CC800a1BCcAD4dDe596B9;1
0x881e308C7f35ebB11f37a19806B5c64D5d1b7Ddc;1
0xB37F8baD57d3A1BDD8dF95f210B59Ec12c240798;1
0xC63281c0df0C2F0144211008B80fcE5Aff616967;1
0x6f90C70832c8a5dCcA75607e1a80212eeE4c94cD;1
0xC17EFcb280b4031074E61236f1f07176d679Fdb0;1
0xDaEB3B152bE7ac786E79122C4655594e7808587D;1
0xaa33a694107fa371076379a83Ede8c3Ef7389730;1
0x1667ce3f93ecD8E0Fda69c4AcdC0FdCd91585110;1
0x479fA7762d7285ec145Dc45e3f0f97619f82c9ED;1
0xd946b8aA3b45365Bb0f4950362e900316441662c;1
0x4BBee02cC22ED599BbD40827221efDfD24A44329;1
0xaca868f9FE762fE794Be16036779D1757D3fc7a2;1
0x4E29446CDFC18080CB016C5D915e02111e60b5B8;1
0xE2F7B5C27FdF645BE8e03760b5cA33631E59e229;1
0x5CFaB816d0d4006FE0BDF30144E2772281F858F9;1
0xDfEC86dc4f19B5142d4beeAEaa634Cb12b703C56;1
0xcFd64828cF3a264003a43b7a0d46D309008F3c39;1
0xf8d2B6f9fA8c89D13174506eb2023B3a512d33a0;1
0x8C4265e683f8E4F0b691Aa8dC9BfdC87aebE6B51;1
0x7b1f080df20f0e10379Db50055A7d94e816CE763;1
0xdA8923e88b88BDd310BC1f33DE1a924244ed5475;1
0x7Cb2B1b7321113B8257182C88aA88128E5078670;1
0x1617E0A28742B8aAD89418d6F4FdF2C3Be706415;1
0xb8F60665682Aac1bDace301B58C1cBE8F4c7d3A4;1
0x5Bbbdc1673F8cE4A0d0ab4fd248Be278A0359d39;1
0xd944f65aDB41f64ECbF6aEc5829DD0Dbe0012b09;1
0xd60dF911611BbCA650DE4D029691C315228F106A;1
0xa435643e587d24f85272244d0710123265539575;1
0xbb0aB74882cA89990D0FF50dF84e9B056A76EC96;1
0x741789a506FE5E08bb816Ae709Ae58E15b5d587f;1
0x6f127e6cCc818c82c62c2eD3c5FD6d9a434eE5DC;1
0xFfDE1C754D9B67dE25cB64f45BBecC139dCf0151;1
0x0Dc4859bF7dE40567a94335e7C82A8DD0fb22538;1
0xfe23fB60BB61BCd33d4D22DA68FAF51E36A79734;1
0xDE98A545008626CF7D8b86495e7Ad28E656791e6;1
0x1989ba58E8C331f3b803aB5E3dB93Ec09acab514;1
0xD516228Ec74173538FF4d2D61818627335cD098b;1
0x5C0F8D221d9dADd8Fd37d147aaD6Cb88aFfa2A4e;1
0xC400F7b993ACf8fa938A928638Aa3E181F42Cb2F;1
0x0572597f8c77A86e3543A536bF749202F73e348c;1
0x3f405d4dcad932301Af40b5181297716174Ed2dA;1
0x9a6C21350638B41B4d262CBaaA85FbbDE6b34112;1
0x97c65c2B1260A0fAA38059A168d8D73580ef0702;1
0x1bbcc45083E4814Fe80d5147b3CFBe3D5f513765;1
0x09c38e5Ef1018048d30551aFf3C6fF0Dc3b81592;3
0xD1975B2eccADfC841672103C4F78e4C034e67C52;1
0x187f7109f276944Ea5B7C8bB9cFC453844CE954a;1
0x12CcacF9C454A3FC0ba032FE49574a557a3a1408;1
0xFaf6bb8F1a300130fB9dc582DC8363a50841882D;1
0x15358C1bFD36D32a8B687b1f7EbC581f40aC6c3b;1
0x39AE1d8e8ff9D8b1E1d48AD05194302ff4f027E3;1
0x2c40Bcedb778F42FE3686b258f8dC28d34336B83;50
0xeAaB816D50a844045B8686C10bCc68b96B17612a;50
0x00FDe583De457A124D0Df576609f0795Ad8767de;1
0x0adf46ea9b550c309acca3cff79b65ddb0be92b1;1
0x1F20db83Cd58B7d570CBFD47e6848080cAB7E3C0;1
0x919d533a18743742a400C8DA4b13f6817DC91237;1
0x6c823dE272Cb2b3cf79D09C547917C24A7D7d554;2
0x3d79e3E4C4Fd3f274e961a180C39Bd87df521898;1
0xe35413cd54F3341fFf6E2B6E3Aa3953ed3Dec2c0;1
0xf8386cccc7602607ee6631D3F589F1d765d5b6A5;1
0x9D0C651DB5C6F9F924E276B5e22dB24a8B26288a;1
0xB5a91ec34Fb53EBC6d5bADc5C7C8EF95dd7ce6e9;1
0xBF5Ef6E26Dd8d818fe7070E76CBE537f86b1578a;1
0xF4eDf46f5d97F8D0E30a297321F354aCC3a1fd99;1
0xca0ffa49c58a571f54b7bff66e8102b35d69fcf5;1
0x87B0642e711a2D8d988B8407820916B0761CAA58;1
0xfe8b65Ab902b988E33Ce04B0A2BEf79cbe67C6a2;1
0xEdad8b3de6C319A20FB0acD69383E1f4Cc9eF6E8;1
0xba8848d46609cacd5d95942c2bbcc5328646766c;10
0x78de9f7dc1befb779e8db2cab1a99652dbac0518;2
0x8606dbe813eeb73cb9b2f36cf53fa5d496c9084b;1
0xf4e2e15cb84b7cad3c8ed737df8031ccba5b0bd6;10
0xca9ba6a0974ba3a09c8fee76dfdd87ba1d6a2801;1
0xca9ba6a0974ba3a09c8fee76dfdd87ba1d6a2801;1
0xca9ba6a0974ba3a09c8fee76dfdd87ba1d6a2801;1
0x42743c0413c9038eb9e55b149cba0413600f1bcd;1
0xc11fe818695b1e97e3373afe8e2624cb6ac634d8;2
0xf421a31e4fbd4e2e06c5041e1ddabbab4d4295f7;1
0x594fd8d5bc6d7ba966ecaafa945dfa6251a2c551;3
0x97b6c23350f35d012084415928aa4df12ea0f2fc;5
0x70d6ee38f5f6ae98c5b2e224adad6577909cce77;10
0x9a5cbdb8e1c95f6eed643b7b8c653ff53f5de39f;1
0xce14037b35c939a3eb47af342baf91cf8d8b593b;1
0x6478ebadefc92ef6814a648e5618c0d262ff67ed;3
0xec8ce3c314814373aeb4af1e8efe4f0a4c46226a;3
0x97b6c23350f35d012084415928aa4df12ea0f2fc;0
0x856480d78fa855772e249297f19cbdd59cecd434;5
0x4bc32dcd65061c069fdbef3f371c460e534afd95;2
0x3db6e6ac12645c481f3b02f8c52b2b1387bd1e50;3
0x6c746ed477a483e1a845db33b1b021cd984b84ec;5
0xbe5be78a570126e6d66e0e5c211d4be03878a760;2
0xc2ebfe928dfdd56f7f60fae843a3391019804214;3
0xeaa7e597716a94c309c4f0e2f68abc3177eda598;1
0x263436b572a205397ae127b29b777a846288bd88;10
0x24ceaa94cda46b1ce44b13afcdafec14cb6b50c0;1
0x353f6124e6316cc19f0f0c4335bdfa1b268071b3;2
0xead66f0e366f7171fa3f6eaba18eb37c8e4eed43;2
0x820880c9040041d6a514e069ec0a2f37997325d4;2
0xfd8a935e605dc22eee71c98a4132f48da9a6dc84;3
0x2c3e2f3061e0684e498096ff501cc4e25246b793;5
0xca9ba6a0974ba3a09c8fee76dfdd87ba1d6a2801;1
0x78de9f7dc1befb779e8db2cab1a99652dbac0518;1
0x52d4cc0307de76cc262b10719739da25eaa59733;4
0x5dd0c376f3a408806a26e782f3f942cc4880e1e9;3
0x22a401784d7a75e43c563ff84efaa22896840e8d;2
0x6d26e9c2f9de0dcdeaddaebec25fd1338678ace0;10
0x081e7a89b50656111b50dc35dc7242cf12bc96f4;1
0x6904aff822c336f73139a471ff8cb6f2fb7e323d;2
0x1bf01c70f721c2bb5aee4dbabb6dea05a6f844fb;10
0xa66fe9438287be952fc797f81284253f400d4106;2
0x78a6c93ce98dbdbd4ec0d1f6db17de9a6a4ae96e;2
0x1813183e1a2a5a565d09b0f16a868a4e1b7610c0;1
0xa367396df1b65f0800114eecef7b4d7a7ea98baa;1
0x258b3bab0aaec3d95ab9c5382281ea09dedea61b;2
0x77037050bb27ae8f09118a0c480224d897589c65;3
0x6adad625b21595f140ef587bf2cf34b65e72250e;5
0x0499d10329bac9a648142da0fa08b917701b9f93;10
0xa2f0448f346ce50b9029506c88dfa58d07baf880;5
0xf50a165b175071adef9fa9ac2b02d73e50f2e165;5
0xba855ad3608d3428df17a5cd4a67a8a37fb71702;10
0xadc3c1ac7b171b5a2f7e58c52203c1af37e76ab4;5
0xe9fe2358e0c6b70edb2944ec6ed5c82e8f6baaf6;5
0x86f5ef57598874288f999dc45e4280501d7f319e;3
0xddbe93624c94179ee63b7bcf9548b3b236d35b14;3
0x23875f40c2402f6ff51787af2f89e36772192b79;5
0xfeba3750f420ea5007553d3e4eeb322ab4110ea1;5
0x3e7eaa58188f5c61e4f89fb6b131a68757ad693e;2
0xb6a3314d1fd10a1fb5a970de69fd8f79c633a7a9;5
0x89026e8186df35efde8263c5e38fe574a46d5eb8;6
0x70b4bbd6b71996c6c1097c49a27e556e8d468a28;1
0x3d4623eccce1bda475b2c6aff5dd928991d1476d;1
0xdf434cef26d81b0e3156c30f9438a53da091b828;5
0xb047e5845ce7c26c915a5b4861d990f61b77e4a4;5
0x1f6e925125bc90d812afb0b17b5cb48f040c112d;2
0x793ba0a55bf10209d7c6885f03862b1ebabd2a80;2
0x47aa26c54b882f37ae3fd3c5a7987055ead9ff61;5
0x46b9d24ebb6a8899442283783ce8982b1df44506;5