дштуы0x01f9e9f5000b1b11cbbb454e43ccb6a7fe03fa32,1
0x042d320faf0a7dd4797db0f435c95f2912ffe1f3,2
0x0499d10329bac9a648142da0fa08b917701b9f93,10
0x076a7bcb5f6803ae24cecdedc1f9054e13167e71,2
0x078d87f30d39f1404b7a82b499920fa4bd6eeed8,1
0x081e7a89b50656111b50dc35dc7242cf12bc96f4,1
0x0a33921eeaa49daacaa918f75222fd6c5458fbe7,1
0x0b3a862df43c1419ac62298b2c2deed588fb7b25,4
0x0bc6942cd38963d37ff790d49ec95b81bb805ffe,10
0x0f91abe25a806eb2d6248e56bb9f789218234e2e,2
0x0ff95912b841c73591238e9d6bbb650aab4ec71b,5
0x119b49a1c266c67656d098c320b697cc5ce94c43,10
0x11fb54380e040dc4fdfb99e25c562c0567981a44,10
0x12306c32621191a005786e11ff6a698ac465f79b,3
0x12afadfd012ca7410decee758e2f3e78791add74,5
0x1328d0b3a2f9c35a18dd21361985ea54cbc555ea,10
0x13b12363f33400a79d318b15f2ac9867f98afef4,10
0x1434a8eaa6d3725d44984d674e4f2dd9cc472bf4,10
0x14631317c1cbfd7ee8f9af8d27a64d54b00a0e8a,1
0x157ad0b0871f520b1bbb19083d9923b4ba324aa1,3
0x158e61a181959844d6ac426a2a50eec065b3a943,2
0x158f25e42485952f063d4f5724339d4ced376432,1
0x161d3001380d34e4b5a9ea51dc4f3b92fc73f2fe,2
0x16fdac5e6bbfb338c73d5b6975caaabecb954ce8,1
0x1723f14b72c5d2c3b16610596ca61c9f0b347b02,3
0x1813183e1a2a5a565d09b0f16a868a4e1b7610c0,1
0x18485fd4813e15a0f09a1ba7edf3c636ce03d328,1
0x1878a8d74bcd359598fd16e46836c5525bb616fe,2
0x19010d5d3db8658af6cec235177d475a1839a89e,5
0x193c5aceb2760444821a9e949aeb3a17367abf4e,3
0x193f0ee42a199a0cecd479a9f09ba293eb1ca357,10
0x195178fb746fd2c19457e16ca35ca3c04644c8b6,1
0x199a4324412ce7db18f5ef2bb1471317c6db854f,8
0x1bf01c70f721c2bb5aee4dbabb6dea05a6f844fb,10
0x1e6bd5f91b0877d30b8988b67d192f013baba40e,2
0x1f6e925125bc90d812afb0b17b5cb48f040c112d,2
0x22a401784d7a75e43c563ff84efaa22896840e8d,2
0x23875f40c2402f6ff51787af2f89e36772192b79,5
0x23b70fd21d81bfad162195c7ca4ec06954ea6954,1
0x23feb3bfaef5c14d81ef43a2bc7bdd829611cfd7,2
0x24ceaa94cda46b1ce44b13afcdafec14cb6b50c0,1
0x258b3bab0aaec3d95ab9c5382281ea09dedea61b,2
0x263436b572a205397ae127b29b777a846288bd88,10
0x268d3a8c4701000546dd0bf959bf6c8956cc3e5e,5
0x269be3a6ef28426c00470d5e03c7175eb403a512,10
0x2b76733de3be8bad89156ecd50170b9f2a6fa86a,2
0x2c3e2f3061e0684e498096ff501cc4e25246b793,5
0x2c47b3b8157417d64f30baf35f5da79c5ae377f2,6
0x2dc26b0cfbf362252a0be888c2c76b4e088b51b9,2
0x2e07df27127b34d9d497ac9154309bf2740e1ca7,5
0x2f77ca1ae1c1910731e57731595dc1a51cadf50b,1
0x2f90ad1ab3278f615b6ed0b2e32042fad7f57bcf,10
0x309c3efa8d07b26212f1644912bf0be9c8ef68d0,2
0x310e37cc3573784391eb8aa91de8576226fd659f,1
0x31e0a04bf898d372d91083b7d09a7a45aeb7d641,5
0x33ebb62dc9ddbf6b8f3c0efdf5bccc2e7ac60211,10
0x340e57111dbc56387c5606c347deea6f7dc3c6ba,6
0x3488fab8b1057499aa1b50195c1dfd8186f61dbf,5
0x353f6124e6316cc19f0f0c4335bdfa1b268071b3,2
0x35a214b13c9e223b8d511f343ac8fa94293233a1,10
0x378ef0cc8d047e82ec5ae4267c772e1c66097b77,5
0x38b44d3f02447a5a0f20e4b60654e578cd891f23,6
0x3d4623eccce1bda475b2c6aff5dd928991d1476d,3
0x3db6e6ac12645c481f3b02f8c52b2b1387bd1e50,3
0x3e7eaa58188f5c61e4f89fb6b131a68757ad693e,2
0x3f09ba13c9955f465d266fba3a7d568635abb402,10
0x3f14f51d64c39106d2090fe7e9550fd72518d4ae,2
0x3f5dbbc78d56481d0c08f911d4ff33990fcd9cd6,5
0x42743c0413c9038eb9e55b149cba0413600f1bcd,1
0x438648a1948ea78dd23092d94e5953cfd7479604,2
0x44500a3d9b73b605ae860d0c12d7cbf31a2da5e5,10
0x46b9d24ebb6a8899442283783ce8982b1df44506,5
0x47aa26c54b882f37ae3fd3c5a7987055ead9ff61,7
0x489a0f8be88d6025c88ce431636e7df60518df68,10
0x499163589db5a6552d6881724b51658fd18beab5,5
0x49cbd1c8a81b77707b2f34d8cf2bddfd862c6c6c,2
0x4b88fe433a3bee09fe3dea43f3bfeb48b0012d94,5
0x4bc32dcd65061c069fdbef3f371c460e534afd95,2
0x4c99203f607816d04575bffef75c7ba6c9dec971,2
0x4d3da91b5f0424e3e300379a63d7e7981604a6eb,1
0x4f1f25a7eeeffc398ff5ccdfd3c1ba074c4f96f0,2
0x4fd0ff2c49671d4fe1927371cf833e8b3b7f44ea,1
0x51ddca9d39404eaa9a02eeb9678327e82188d989,2
0x521a2689b6ead8477f1097143e1c54089dcbe2ce,2
0x52d4cc0307de76cc262b10719739da25eaa59733,4
0x547e239e6efce67e2d767f814a66fca3229d948b,5
0x5539f49f1ccf9c5ad6ad14a7079b12e9bd0def93,10
0x5558e61a323077868cadf18d3e8a40dc2635966f,1
0x56f236f3fdb41eee40ba794582a3d4cd3c5f898b,2
0x570cf51ac81d5871d7fa72fe1f02eb71670dacfa,10
0x5712ec69b1dedf934303ce530ae2b4f1d3ca4c61,10
0x5811326eca6f510a8138171357cc5b816cd7a724,3
0x5864bd03561da804ad0dd5a9f901a59217ebe7e4,3
0x58f774af1da1b3345dc98c0053e4f7077dae4761,4
0x594fd8d5bc6d7ba966ecaafa945dfa6251a2c551,4
0x5ab27a1e2353698c74e166a202465f1c1486ea31,10
0x5bc336c5652da0dd79dfa7c77a5b91b32aee7abf,3
0x5da644062103e931e37b7fbc676cb4ed3ab17e56,3
0x5dd0c376f3a408806a26e782f3f942cc4880e1e9,3
0x61ad944c6520116fff7d537a789d28391a7a6425,5
0x61e989aec7ee6f1355413cbcc69fa4105bdf8d89,1
0x6478ebadefc92ef6814a648e5618c0d262ff67ed,3
0x689febfd1ea5af9e70b86d8a29362ec119c289b0,9
0x6904aff822c336f73139a471ff8cb6f2fb7e323d,2
0x692ef28bd5da6ab68543df4dd279bb430ff6c653,7
0x6adad625b21595f140ef587bf2cf34b65e72250e,5
0x6b8c6e15818c74895c31a1c91390b3d42b336799,2
0x6c59245e59c9f5b60d4450190590007ce6fbf1f6,4
0x6c746ed477a483e1a845db33b1b021cd984b84ec,5
0x6d26e9c2f9de0dcdeaddaebec25fd1338678ace0,10
0x6d790d9e11e8bf869cb4c8d800f5fe57d94fb8e7,10
0x6fb9239e9eaa5d17b3a180b0ccdeea33f37255b6,2
0x7049cdbab5a948587df61ea3bd471fb364ecde10,10
0x705360aa5ee97311e91c0375a27a18527538e3a4,2
0x706e714e63eabaa8602c209ecc92943655e0c7b8,10
0x70b4bbd6b71996c6c1097c49a27e556e8d468a28,1
0x70bd3045414ebcbae77ef84505bc6ea6af48e672,5
0x70d6ee38f5f6ae98c5b2e224adad6577909cce77,10
0x70e439584ef1ba300106b9c16543eaa1de676dc2,10
0x736dde3e0f5c588ddc53ad7f0f65667c0cca2801,10
0x759fbe903af4a33dbf687042d0df54d60b91deb1,10
0x77037050bb27ae8f09118a0c480224d897589c65,3
0x77209a11dab7ef5b655457f0cf1e0bfb64de0626,7
0x77c412a018ba01acb2b2ef0f9fbf5e3390b65a63,1
0x78a6c93ce98dbdbd4ec0d1f6db17de9a6a4ae96e,2
0x78a87811bc4e8a34b7a89fa7dd9f8fc21a70e8c8,2
0x78de9f7dc1befb779e8db2cab1a99652dbac0518,3
0x78ecbdfe93933d00763da2ad42b37cdedea24d22,2
0x793ba0a55bf10209d7c6885f03862b1ebabd2a80,3
0x79d3c7fa7c6eb2a369cf18bb3bc3eaf1a43b0bd1,2
0x7abb8baee62e9fb70c13793860fc2295f80bc235,5
0x7b07f10723e213e8e73f9e86ddae0a03e7e126d6,5
0x7f23bf05c6b1905dad63251e1bd763558f4e6b63,1
0x817e9dc0bfe88c5478c13359cc82a56ce64c1c48,5
0x820880c9040041d6a514e069ec0a2f37997325d4,2
0x842824e0bcbfb2ccf42fe1ff2bb5162c47e6e432,5
0x84f764445555fbde0209b00b32ed85b6ccc33263,10
0x856480d78fa855772e249297f19cbdd59cecd434,10
0x8606dbe813eeb73cb9b2f36cf53fa5d496c9084b,1
0x86ebc443fe43198284e2a87221973d6d357d77af,2
0x86f5ef57598874288f999dc45e4280501d7f319e,3
0x8754074c9bcc73174c3657229b9335b8473b871f,2
0x89026e8186df35efde8263c5e38fe574a46d5eb8,6
0x893de26c9b50fddae60a5270b8b72fa75792778a,6
0x89998ecbd4aeb30800b6ec2735bcb5648a3f6192,1
0x8a7b802bbf5bb75dd1d491251a01eae2646a5ad2,4
0x8c18121a1b2cfb602caedf88308a7d74867371f5,2
0x8d7c6a67f5841ab12875e435d5910f99136c2bfb,1
0x8e41decd7e31a0118e8c5b52a82fea390c0e2707,2
0x91324578b23294443f5e3f2e9e2dff68378b0c09,5
0x92264e85801fd62d934359474e77ec769dfaec02,2
0x949a8f66754a6dc8f900742234726811c6b80b67,4
0x95735f41469e972baf71e36c19dd3ef8f1b556a1,7
0x95c1cb0f41d94acf415acee5e6bc71804a588aab,2
0x97b6c23350f35d012084415928aa4df12ea0f2fc,10
0x9a5cbdb8e1c95f6eed643b7b8c653ff53f5de39f,1
0x9abb40e276a123cf90d806eb044e186131b149c5,3
0x9b7236f10a44a7e2a98b8008d8f6d02b78ac6c76,10
0x9ffd9989eaae5f357f97884d34e502ce4c6d6cee,1
0xa1428390216671f87344833da175e5cce64fd748,6
0xa2f0448f346ce50b9029506c88dfa58d07baf880,5
0xa31ed9663efd05a0fc0295c12e930c1559c19e46,1
0xa335ade338308b8e071cf2c8f3ca5e50f6563c60,10
0xa367396df1b65f0800114eecef7b4d7a7ea98baa,3
0xa5b768ceda1f19144646e84354a0f825b144bc00,2
0xa66fe9438287be952fc797f81284253f400d4106,2
0xa6719a54712a9fc7ac6a09bb2a1e16078e222689,2
0xa7e84006f499cd2fe20509ff1652a5d68b61bba7,1
0xa83db13e2aab594040e35137578cc693b420a2e8,10
0xaa1449548f60f2086925573193289d3de4eb5529,2
0xaafa21ed47f390ca6f1de7b947efe28083912306,10
0xad222e84252d406105ea17c61cc4f82c370dbe76,10
0xadc3c1ac7b171b5a2f7e58c52203c1af37e76ab4,10
0xae3e29b33aa91c95b26d4726eff6663aac6d1162,2
0xae8eabb58327f856d93248c2a009291d26bfde18,1
0xaf469c4a0914938e6149cf621c54fb4b1ec0c202,10
0xb033f32fd32881983834cb77b3124d07175964f8,2
0xb047e5845ce7c26c915a5b4861d990f61b77e4a4,10
0xb23729d48ae68a5210638fbb467e25420debfb29,1
0xb2b66dee9afbfaf5f58fbd856be93e872d0c93af,10
0xb50a20a8ad550fdd3c05508367ebc978e60dbefd,4
0xb6a3314d1fd10a1fb5a970de69fd8f79c633a7a9,5
0xb8b6910ed0cf70f92c9a6327838dad479302e7ad,3
0xba855ad3608d3428df17a5cd4a67a8a37fb71702,10
0xba8848d46609cacd5d95942c2bbcc5328646766c,10
0xbd0d78de76a528a4b7d24cc0e89d375de85e53c2,5
0xbdbb2f70883c7acc0368891468cdc9dc241758ce,2
0xbe5be78a570126e6d66e0e5c211d4be03878a760,2
0xbecb765346d1ede1773f98004560723d51b49c5e,1
0xc11fe818695b1e97e3373afe8e2624cb6ac634d8,2
0xc193d0fca7c4c4557f5640a86c175d0a11d04c03,2
0xc2a59fe079a38bdb14455db3100c2245eea41eb0,5
0xc2ebfe928dfdd56f7f60fae843a3391019804214,3
0xc452b21caa5defb21fcc3d35ec448bc008af0bd7,1
0xc540e9a093b73380b99a5a9213c3a70845b863dd,3
0xc6115407937cf5c8e14eb8971a3f3984ed791ea1,1
0xc72e31e757653b75dc301b21679f4f6a424ab5cb,2
0xc760232fd9d0bda9d95606aeb214dfd28a0da8f9,1
0xc7c55dfaa2ef573576f7cf0bc11057f226eabb40,2
0xca83861361323b1fbc6fb6ff83570890a4aac56e,4
0xca9ba6a0974ba3a09c8fee76dfdd87ba1d6a2801,5
0xccbac69bc0e4274c764a3cfdcc7e41b45ff01622,10
0xcd56a61fe76c08a4b5eabc53c8b0f5e8c38a1c06,2
0xcdd6f5de26e7826aa3b6b2afdfd126a042ea059a,0
0xcdf641863b76e5ef6a2d766b86bedacbd16ceade,2
0xce0d0a205175200cff87afa13d30f1d6ea4abb90,1
0xce14037b35c939a3eb47af342baf91cf8d8b593b,2
0xce803b102c9464c237ae3ada4fac3f614bf67e43,4
0xce96060ec6665d6a9f51b7084d1f2564dab21da9,5
0xcec9d1a68eeffec0b79ebe88e8e933b87188aab8,1
0xd2199705fcdea220457ab90051eb6a8f90d51df2,9
0xd3a58489c18b759be1c282ef8885f70cebc2f1f6,5
0xd3f79c94f5c97982004654c00e46ed607a683c34,10
0xdac068353ea4989f8a5c6162c0820a719b511ee4,11
0xddbe93624c94179ee63b7bcf9548b3b236d35b14,3
0xdf434cef26d81b0e3156c30f9438a53da091b828,5
0xdfa774d8329e863a360044c6e167be8243517eb4,1
0xe39178816faf3385943c73a0de19eed0ee78b6a4,3
0xe51b17d3071fbb1070a02e4d15e6d32a39fbb07a,5
0xe6938e8ea1bba8dd0b501221eb72a093ab4d08b3,3
0xe78b2b97a6da14febb8e1d6c172ebf4c5fb4aee9,2
0xe82ddae4ca1882fd34790089dedac947b30f7eab,5
0xe882963cf87b39fdaa3e4fbf7aed3af2f1f5cf62,3
0xe986eabe4430df37e35ed4badd331ce97e895c01,10
0xe9fe2358e0c6b70edb2944ec6ed5c82e8f6baaf6,5
0xeaa7e597716a94c309c4f0e2f68abc3177eda598,1
0xead66f0e366f7171fa3f6eaba18eb37c8e4eed43,2
0xebcbc76edbebc5eacfe60178c701f00c522b277f,1
0xec3e9a7debe2a88e4f11db450a050bf1ef91de9e,3
0xec49458e5b9b4c944aac700198ca887d8e2784ce,10
0xec8ce3c314814373aeb4af1e8efe4f0a4c46226a,3
0xf09d2e7f103299b6b1bd90cd01efc1710723fe7d,10
0xf1bf1c0ac768a90c8a09162ab5d975255855b1c1,10
0xf266ec07bced0c64514dc0f7ab1bbc56dc2aff9c,10
0xf33d23c102bf7a8d23507e84712f82a544e5f7e2,6
0xf421a31e4fbd4e2e06c5041e1ddabbab4d4295f7,1
0xf4e2e15cb84b7cad3c8ed737df8031ccba5b0bd6,10
0xf50a165b175071adef9fa9ac2b02d73e50f2e165,10
0xf51f0de3dd006b74ebf685c476dd5821e4f80fb0,3
0xf6b2d4be1acbf5fcd7c2b3c38d063abd3d6aee3c,2
0xf6bb1b44651a5055c2e4b234dcdf77bf0994026a,1
0xf71d161fdc3895f21612d79f15aa819b7a3d296a,10
0xf7fc1152b5cc638bf82504aa94d1986d33a6eec4,10
0xf9301eecfed36a682669442d9185ced41d8e7330,2
0xfbf041ee7d3f60528906428a5651c91c6eea602d,1
0xfc77b7bb2f6b60bf6c163e2ffc545b486652c211,1
0xfd3262da17677344b3628b8ca9f62c392992b5d0,4
0xfd8a935e605dc22eee71c98a4132f48da9a6dc84,3
0xfe8b65ab902b988e33ce04b0a2bef79cbe67c6a2,1
0xfe8b65ab902b988e33ce04b0a2bef79cbe67c6a2,1
0xfeba3750f420ea5007553d3e4eeb322ab4110ea1,5
0xfec2e4aaa72566233ec5cff5c047217fec7c9eab,5
0xfede2e2cf926414921f30d45bf918b1c13447b7a,5
